-- PostgreSql
-- Inserción de Usuario
insert into users (id, email, password, remember_token, created_at, update_at) values (1, 'soniat@soaint.com', 'chatsoniat-123', '', now(), now());

-- Inserción de estado civil
insert into l_sta_civil (id, name, abbreviation) values (1, 'Soltero', 'Sol');
insert into l_sta_civil (id, name, abbreviation) values (2, 'Casado', 'Cas');
insert into l_sta_civil (id, name, abbreviation) values (3, 'Divorciado', 'Div');
insert into l_sta_civil (id, name, abbreviation) values (4, 'Viudo', 'Viu');

-- Inserción de profesiones
insert into l_profession (id, name) values (1, 'Abogado');
insert into l_profession (id, name) values (2, 'Arquitecto');
insert into l_profession (id, name) values (3, 'Bíologo');
insert into l_profession (id, name) values (4, 'Contador');
insert into l_profession (id, name) values (5, 'Dentista');
insert into l_profession (id, name) values (6, 'Enfermero');
insert into l_profession (id, name) values (7, 'Empresario ');
insert into l_profession (id, name) values (8, 'Electricista');
insert into l_profession (id, name) values (9, 'Ingeniero');
insert into l_profession (id, name) values (10, 'Licenciado');
insert into l_profession (id, name) values (11, 'Médico');
insert into l_profession (id, name) values (12, 'Político');
insert into l_profession (id, name) values (13, 'Profesor');
insert into l_profession (id, name) values (14, 'Químico');

-- Inserción de generos
insert into l_gender (id, name, abbreviation) values (1, 'Masculino',	'Mas');
insert into l_gender (id, name, abbreviation) values (2, 'Femenino',	'Fem');
insert into l_gender (id, name, abbreviation) values (3, 'Prefiero no decirlo',	'IND');

-- Inserción de monedas
insert into l_currency (id, money, abbreviation, symbol) values (1, 'Dólar Estadounidense',	'USD', '$');
insert into l_currency (id, money, abbreviation, symbol) values (2, 'Euro',	'EUR', '€');
insert into l_currency (id, money, abbreviation, symbol) values (3, 'Peso Argentino', 'ARS', '$');
insert into l_currency (id, money, abbreviation, symbol) values (4, 'Real Brasileño', 'BRL', 'R');
insert into l_currency (id, money, abbreviation, symbol) values (5, 'Sol',	'PEN', 	'S');
insert into l_currency (id, money, abbreviation, symbol) values (6, 'Bolívar Soberano',	'VES', 	'B');
insert into l_currency (id, money, abbreviation, symbol) values (7, 'Yuan chino', 'CNY', '¥');
insert into l_currency (id, money, abbreviation, symbol) values (8, 'Peso Chileno',	'Peso', '$');
insert into l_currency (id, money, abbreviation, symbol) values (9, 'Peso Colombiano', 'Peso', 'C');
insert into l_currency (id, money, abbreviation, symbol) values (10, 'Peso Dominicano', 'Peso', 'R');
insert into l_currency (id, money, abbreviation, symbol) values (11, 'Japan Yen', '日本円', '¥');
insert into l_currency (id, money, abbreviation, symbol) values (12, 'Russian Ruble', 'Рубль', 'р');
insert into l_currency (id, money, abbreviation, symbol) values (13, 'Taiwan Dollar', '新臺幣', '$');
insert into l_currency (id, money, abbreviation, symbol) values (14, 'Colón Costa Rican', 'Colón', '₡');
insert into l_currency (id, money, abbreviation, symbol) values (15, 'Peso Mexicano', 'Peso', '$');
insert into l_currency (id, money, abbreviation, symbol) values (16, 'Peso Uruguayo', 'Peso', '$');
insert into l_currency (id, money, abbreviation, symbol) values (17, 'Boliviano', 'Boliviano', 'B');

-- Inserción de países
insert into l_country (id,name) values (1, 'Australia');
insert into l_country (id,name) values (2, 'Austria');
insert into l_country (id,name) values (3, 'Azerbaiyán');
insert into l_country (id,name) values (4, 'Anguilla');
insert into l_country (id,name) values (5, 'Argentina');
insert into l_country (id,name) values (6, 'Armenia');
insert into l_country (id,name) values (7, 'Bielorrusia');
insert into l_country (id,name) values (8, 'Belice');
insert into l_country (id,name) values (9, 'Bélgica');
insert into l_country (id,name) values (10, 'Bermudas');
insert into l_country (id,name) values (11, 'Bulgaria');
insert into l_country (id,name) values (12, 'Brasil');
insert into l_country (id,name) values (13, 'Reino Unido');
insert into l_country (id,name) values (14, 'Hungría');
insert into l_country (id,name) values (15, 'Vietnam');
insert into l_country (id,name) values (16, 'Haiti');
insert into l_country (id,name) values (17, 'Guadalupe');
insert into l_country (id,name) values (18, 'Alemania');
insert into l_country (id,name) values (19, 'Países Bajos, Holanda');
insert into l_country (id,name) values (20, 'Grecia');
insert into l_country (id,name) values (21, 'Georgia');
insert into l_country (id,name) values (22, 'Dinamarca');
insert into l_country (id,name) values (23, 'Egipto');
insert into l_country (id,name) values (24, 'Israel');
insert into l_country (id,name) values (25, 'India');
insert into l_country (id,name) values (26, 'Irán');
insert into l_country (id,name) values (27, 'Irlanda');
insert into l_country (id,name) values (28, 'España');
insert into l_country (id,name) values (29, 'Italia');
insert into l_country (id,name) values (30, 'Kazajstán');
insert into l_country (id,name) values (31, 'Camerún');
insert into l_country (id,name) values (32, 'Canadá');
insert into l_country (id,name) values (33, 'Chipre');
insert into l_country (id,name) values (34, 'Kirguistán');
insert into l_country (id,name) values (35, 'China');
insert into l_country (id,name) values (36, 'Costa Rica');
insert into l_country (id,name) values (37, 'Kuwait');
insert into l_country (id,name) values (38, 'Letonia');
insert into l_country (id,name) values (39, 'Libia');
insert into l_country (id,name) values (40, 'Lituania');
insert into l_country (id,name) values (41, 'Luxemburgo');
insert into l_country (id,name) values (42, 'México');
insert into l_country (id,name) values (43, 'Moldavia');
insert into l_country (id,name) values (44, 'Mónaco');
insert into l_country (id,name) values (45, 'Nueva Zelanda');
insert into l_country (id,name) values (46, 'Noruega');
insert into l_country (id,name) values (47, 'Polonia');
insert into l_country (id,name) values (48, 'Portugal');
insert into l_country (id,name) values (49, 'Reunión');
insert into l_country (id,name) values (50, 'Rusia');
insert into l_country (id,name) values (51, 'El Salvador');
insert into l_country (id,name) values (52, 'Eslovaquia');
insert into l_country (id,name) values (53, 'Eslovenia');
insert into l_country (id,name) values (54, 'Surinam');
insert into l_country (id,name) values (55, 'Estados Unidos');
insert into l_country (id,name) values (56, 'Tadjikistan');
insert into l_country (id,name) values (57, 'Turkmenistan');
insert into l_country (id,name) values (58, 'Islas Turcas y Caicos');
insert into l_country (id,name) values (59, 'Turquía');
insert into l_country (id,name) values (60, 'Uganda');
insert into l_country (id,name) values (61, 'Uzbekistán');
insert into l_country (id,name) values (62, 'Ucrania');
insert into l_country (id,name) values (63, 'Finlandia');
insert into l_country (id,name) values (64, 'Francia');
insert into l_country (id,name) values (65, 'República Checa');
insert into l_country (id,name) values (66, 'Suiza');
insert into l_country (id,name) values (67, 'Suecia');
insert into l_country (id,name) values (68, 'Estonia');
insert into l_country (id,name) values (69, 'Corea del Sur');
insert into l_country (id,name) values (70, 'Japón');
insert into l_country (id,name) values (71, 'Croacia');
insert into l_country (id,name) values (72, 'Rumanía');
insert into l_country (id,name) values (73, 'Hong Kong');
insert into l_country (id,name) values (74, 'Indonesia');
insert into l_country (id,name) values (75, 'Jordania');
insert into l_country (id,name) values (76, 'Malasia');
insert into l_country (id,name) values (77, 'Singapur');
insert into l_country (id,name) values (78, 'Taiwan');
insert into l_country (id,name) values (79, 'Bosnia y Herzegovina');
insert into l_country (id,name) values (80, 'Bahamas');
insert into l_country (id,name) values (81, 'Chile');
insert into l_country (id,name) values (82, 'Colombia');
insert into l_country (id,name) values (83, 'Islandia');
insert into l_country (id,name) values (84, 'Corea del Norte');
insert into l_country (id,name) values (85, 'Macedonia');
insert into l_country (id,name) values (86, 'Malta');
insert into l_country (id,name) values (87, 'Pakistán');
insert into l_country (id,name) values (88, 'Papúa-Nueva Guinea');
insert into l_country (id,name) values (89, 'Perú');
insert into l_country (id,name) values (90, 'Filipinas');
insert into l_country (id,name) values (91, 'Arabia Saudita');
insert into l_country (id,name) values (92, 'Tailandia');
insert into l_country (id,name) values (93, 'Emiratos árabes Unidos');
insert into l_country (id,name) values (94, 'Groenlandia');
insert into l_country (id,name) values (95, 'Venezuela');
insert into l_country (id,name) values (96, 'Zimbabwe');
insert into l_country (id,name) values (97, 'Kenia');
insert into l_country (id,name) values (98, 'Algeria');
insert into l_country (id,name) values (99, 'Líbano');
insert into l_country (id,name) values (100, 'Botsuana');
insert into l_country (id,name) values (101, 'Tanzania');
insert into l_country (id,name) values (102, 'Namibia');
insert into l_country (id,name) values (103, 'Ecuador');
insert into l_country (id,name) values (104, 'Marruecos');
insert into l_country (id,name) values (105, 'Ghana');
insert into l_country (id,name) values (106, 'Siria');
insert into l_country (id,name) values (107, 'Nepal');
insert into l_country (id,name) values (108, 'Mauritania');
insert into l_country (id,name) values (109, 'Seychelles');
insert into l_country (id,name) values (110, 'Paraguay');
insert into l_country (id,name) values (111, 'Uruguay');
insert into l_country (id,name) values (112, 'Congo (Brazzaville)');
insert into l_country (id,name) values (113, 'Cuba');
insert into l_country (id,name) values (114, 'Albania');
insert into l_country (id,name) values (115, 'Nigeria');
insert into l_country (id,name) values (116, 'Zambia');
insert into l_country (id,name) values (117, 'Mozambique');
insert into l_country (id,name) values (119, 'Angola');
insert into l_country (id,name) values (120, 'Sri Lanka');
insert into l_country (id,name) values (121, 'Etiopía');
insert into l_country (id,name) values (122, 'Túnez');
insert into l_country (id,name) values (123, 'Bolivia');
insert into l_country (id,name) values (124, 'Panamá');
insert into l_country (id,name) values (125, 'Malawi');
insert into l_country (id,name) values (126, 'Liechtenstein');
insert into l_country (id,name) values (127, 'Bahrein');
insert into l_country (id,name) values (128, 'Barbados');
insert into l_country (id,name) values (130, 'Chad');
insert into l_country (id,name) values (131, 'Man, Isla de');
insert into l_country (id,name) values (132, 'Jamaica');
insert into l_country (id,name) values (133, 'Malí');
insert into l_country (id,name) values (134, 'Madagascar');
insert into l_country (id,name) values (135, 'Senegal');
insert into l_country (id,name) values (136, 'Togo');
insert into l_country (id,name) values (137, 'Honduras');
insert into l_country (id,name) values (138, 'República Dominicana');
insert into l_country (id,name) values (139, 'Mongolia');
insert into l_country (id,name) values (140, 'Irak');
insert into l_country (id,name) values (141, 'Sudáfrica');
insert into l_country (id,name) values (142, 'Aruba');
insert into l_country (id,name) values (143, 'Gibraltar');
insert into l_country (id,name) values (144, 'Afganistán');
insert into l_country (id,name) values (145, 'Andorra');
insert into l_country (id,name) values (147, 'Antigua y Barbuda');
insert into l_country (id,name) values (149, 'Bangladesh');
insert into l_country (id,name) values (151, 'Benín');
insert into l_country (id,name) values (152, 'Bután');
insert into l_country (id,name) values (154, 'Islas Virgenes Británicas');
insert into l_country (id,name) values (155, 'Brunéi');
insert into l_country (id,name) values (156, 'Burkina Faso');
insert into l_country (id,name) values (157, 'Burundi');
insert into l_country (id,name) values (158, 'Camboya');
insert into l_country (id,name) values (159, 'Cabo Verde');
insert into l_country (id,name) values (164, 'Comores');
insert into l_country (id,name) values (165, 'Congo (Kinshasa)');
insert into l_country (id,name) values (166, 'Cook, Islas');
insert into l_country (id,name) values (168, 'Costa de Marfil');
insert into l_country (id,name) values (169, 'Djibouti, Yibuti');
insert into l_country (id,name) values (171, 'Timor Oriental');
insert into l_country (id,name) values (172, 'Guinea Ecuatorial');
insert into l_country (id,name) values (173, 'Eritrea');
insert into l_country (id,name) values (175, 'Feroe, Islas');
insert into l_country (id,name) values (176, 'Fiyi');
insert into l_country (id,name) values (178, 'Polinesia Francesa');
insert into l_country (id,name) values (180, 'Gabón');
insert into l_country (id,name) values (181, 'Gambia');
insert into l_country (id,name) values (184, 'Granada');
insert into l_country (id,name) values (185, 'Guatemala');
insert into l_country (id,name) values (186, 'Guernsey');
insert into l_country (id,name) values (187, 'Guinea');
insert into l_country (id,name) values (188, 'Guinea-Bissau');
insert into l_country (id,name) values (189, 'Guyana');
insert into l_country (id,name) values (193, 'Jersey');
insert into l_country (id,name) values (195, 'Kiribati');
insert into l_country (id,name) values (196, 'Laos');
insert into l_country (id,name) values (197, 'Lesotho');
insert into l_country (id,name) values (198, 'Liberia');
insert into l_country (id,name) values (200, 'Maldivas');
insert into l_country (id,name) values (201, 'Martinica');
insert into l_country (id,name) values (202, 'Mauricio');
insert into l_country (id,name) values (205, 'Myanmar');
insert into l_country (id,name) values (206, 'Nauru');
insert into l_country (id,name) values (207, 'Antillas Holandesas');
insert into l_country (id,name) values (208, 'Nueva Caledonia');
insert into l_country (id,name) values (209, 'Nicaragua');
insert into l_country (id,name) values (210, 'Níger');
insert into l_country (id,name) values (212, 'Norfolk Island');
insert into l_country (id,name) values (213, 'Omán');
insert into l_country (id,name) values (215, 'Isla Pitcairn');
insert into l_country (id,name) values (216, 'Qatar');
insert into l_country (id,name) values (217, 'Ruanda');
insert into l_country (id,name) values (218, 'Santa Elena');
insert into l_country (id,name) values (219, 'San Cristobal y Nevis');
insert into l_country (id,name) values (220, 'Santa Lucía');
insert into l_country (id,name) values (221, 'San Pedro y Miquelón');
insert into l_country (id,name) values (222, 'San Vincente y Granadinas');
insert into l_country (id,name) values (223, 'Samoa');
insert into l_country (id,name) values (224, 'San Marino');
insert into l_country (id,name) values (225, 'San Tomé y Príncipe');
insert into l_country (id,name) values (226, 'Serbia y Montenegro');
insert into l_country (id,name) values (227, 'Sierra Leona');
insert into l_country (id,name) values (228, 'Islas Salomón');
insert into l_country (id,name) values (229, 'Somalia');
insert into l_country (id,name) values (232, 'Sudán');
insert into l_country (id,name) values (234, 'Swazilandia');
insert into l_country (id,name) values (235, 'Tokelau');
insert into l_country (id,name) values (236, 'Tonga');
insert into l_country (id,name) values (237, 'Trinidad y Tobago');
insert into l_country (id,name) values (239, 'Tuvalu');
insert into l_country (id,name) values (240, 'Vanuatu');
insert into l_country (id,name) values (241, 'Wallis y Futuna');
insert into l_country (id,name) values (242, 'Sáhara Occidental');
insert into l_country (id,name) values (243, 'Yemen');
insert into l_country (id,name) values (246, 'Puerto Rico');

-- Inserción de estados
insert into l_state (id, country_id, name) values (1, 3, 'Azerbaijan');
insert into l_state (id, country_id, name) values (2, 3, 'Nargorni Karabakh');
insert into l_state (id, country_id, name) values (3, 3, 'Nakhichevanskaya Region');
insert into l_state (id, country_id, name) values (4, 4, 'Anguilla');
insert into l_state (id, country_id, name) values (5, 7, 'Brestskaya obl.');
insert into l_state (id, country_id, name) values (6, 7, 'Vitebskaya obl.');
insert into l_state (id, country_id, name) values (7, 7, 'Gomelskaya obl.');
insert into l_state (id, country_id, name) values (8, 7, 'Grodnenskaya obl.');
insert into l_state (id, country_id, name) values (9, 7, 'Minskaya obl.');
insert into l_state (id, country_id, name) values (10, 7, 'Mogilevskaya obl.');
insert into l_state (id, country_id, name) values (11, 8, 'Belize');
insert into l_state (id, country_id, name) values (12, 10, 'Hamilton');
insert into l_state (id, country_id, name) values (13, 15, 'Dong Bang Song Cuu Long');
insert into l_state (id, country_id, name) values (14, 15, 'Dong Bang Song Hong');
insert into l_state (id, country_id, name) values (15, 15, 'Dong Nam Bo');
insert into l_state (id, country_id, name) values (16, 15, 'Duyen Hai Mien Trung');
insert into l_state (id, country_id, name) values (17, 15, 'Khu Bon Cu');
insert into l_state (id, country_id, name) values (18, 15, 'Mien Nui Va Trung Du');
insert into l_state (id, country_id, name) values (19, 15, 'Thai Nguyen');
insert into l_state (id, country_id, name) values (20, 16, 'Artibonite');
insert into l_state (id, country_id, name) values (21, 16, 'Grand&#039;Anse');
insert into l_state (id, country_id, name) values (22, 16, 'North West');
insert into l_state (id, country_id, name) values (23, 16, 'West');
insert into l_state (id, country_id, name) values (24, 16, 'South');
insert into l_state (id, country_id, name) values (25, 16, 'South East');
insert into l_state (id, country_id, name) values (26, 17, 'Grande-Terre');
insert into l_state (id, country_id, name) values (27, 17, 'Basse-Terre');
insert into l_state (id, country_id, name) values (28, 21, 'Abkhazia');
insert into l_state (id, country_id, name) values (29, 21, 'Ajaria');
insert into l_state (id, country_id, name) values (30, 21, 'Georgia');
insert into l_state (id, country_id, name) values (31, 21, 'South Ossetia');
insert into l_state (id, country_id, name) values (32, 23, 'Al QÄhira');
insert into l_state (id, country_id, name) values (33, 23, 'Aswan');
insert into l_state (id, country_id, name) values (34, 23, 'Asyut');
insert into l_state (id, country_id, name) values (35, 23, 'Beni Suef');
insert into l_state (id, country_id, name) values (36, 23, 'Gharbia');
insert into l_state (id, country_id, name) values (37, 23, 'Damietta');
insert into l_state (id, country_id, name) values (38, 24, 'Southern District');
insert into l_state (id, country_id, name) values (39, 24, 'Central District');
insert into l_state (id, country_id, name) values (40, 24, 'Northern District');
insert into l_state (id, country_id, name) values (41, 24, 'Haifa');
insert into l_state (id, country_id, name) values (42, 24, 'Tel Aviv');
insert into l_state (id, country_id, name) values (43, 24, 'Jerusalem');
insert into l_state (id, country_id, name) values (44, 25, 'Bangala');
insert into l_state (id, country_id, name) values (45, 25, 'Chhattisgarh');
insert into l_state (id, country_id, name) values (46, 25, 'Karnataka');
insert into l_state (id, country_id, name) values (47, 25, 'Uttaranchal');
insert into l_state (id, country_id, name) values (48, 25, 'Andhara Pradesh');
insert into l_state (id, country_id, name) values (49, 25, 'Assam');
insert into l_state (id, country_id, name) values (50, 25, 'Bihar');
insert into l_state (id, country_id, name) values (51, 25, 'Gujarat');
insert into l_state (id, country_id, name) values (52, 25, 'Jammu and Kashmir');
insert into l_state (id, country_id, name) values (53, 25, 'Kerala');
insert into l_state (id, country_id, name) values (54, 25, 'Madhya Pradesh');
insert into l_state (id, country_id, name) values (55, 25, 'Manipur');
insert into l_state (id, country_id, name) values (56, 25, 'Maharashtra');
insert into l_state (id, country_id, name) values (57, 25, 'Megahalaya');
insert into l_state (id, country_id, name) values (58, 25, 'Orissa');
insert into l_state (id, country_id, name) values (59, 25, 'Punjab');
insert into l_state (id, country_id, name) values (60, 25, 'Pondisheri');
insert into l_state (id, country_id, name) values (61, 25, 'Rajasthan');
insert into l_state (id, country_id, name) values (62, 25, 'Tamil Nadu');
insert into l_state (id, country_id, name) values (63, 25, 'Tripura');
insert into l_state (id, country_id, name) values (64, 25, 'Uttar Pradesh');
insert into l_state (id, country_id, name) values (65, 25, 'Haryana');
insert into l_state (id, country_id, name) values (66, 25, 'Chandigarh');
insert into l_state (id, country_id, name) values (67, 26, 'Azarbayjan-e Khavari');
insert into l_state (id, country_id, name) values (68, 26, 'Esfahan');
insert into l_state (id, country_id, name) values (69, 26, 'Hamadan');
insert into l_state (id, country_id, name) values (70, 26, 'Kordestan');
insert into l_state (id, country_id, name) values (71, 26, 'Markazi');
insert into l_state (id, country_id, name) values (72, 26, 'Sistan-e Baluches');
insert into l_state (id, country_id, name) values (73, 26, 'Yazd');
insert into l_state (id, country_id, name) values (74, 26, 'Kerman');
insert into l_state (id, country_id, name) values (75, 26, 'Kermanshakhan');
insert into l_state (id, country_id, name) values (76, 26, 'Mazenderan');
insert into l_state (id, country_id, name) values (77, 26, 'Tehran');
insert into l_state (id, country_id, name) values (78, 26, 'Fars');
insert into l_state (id, country_id, name) values (79, 26, 'Horasan');
insert into l_state (id, country_id, name) values (80, 26, 'Husistan');
insert into l_state (id, country_id, name) values (81, 30, 'Aktyubinskaya obl.');
insert into l_state (id, country_id, name) values (82, 30, 'Alma-Atinskaya obl.');
insert into l_state (id, country_id, name) values (83, 30, 'Vostochno-Kazahstanskaya obl.');
insert into l_state (id, country_id, name) values (84, 30, 'Gurevskaya obl.');
insert into l_state (id, country_id, name) values (85, 30, 'Zhambylskaya obl. (Dzhambulskaya obl.)');
insert into l_state (id, country_id, name) values (86, 30, 'Dzhezkazganskaya obl.');
insert into l_state (id, country_id, name) values (87, 30, 'Karagandinskaya obl.');
insert into l_state (id, country_id, name) values (88, 30, 'Kzyl-Ordinskaya obl.');
insert into l_state (id, country_id, name) values (89, 30, 'Kokchetavskaya obl.');
insert into l_state (id, country_id, name) values (90, 30, 'Kustanaiskaya obl.');
insert into l_state (id, country_id, name) values (91, 30, 'Mangystauskaya (Mangyshlakskaya obl.)');
insert into l_state (id, country_id, name) values (92, 30, 'Pavlodarskaya obl.');
insert into l_state (id, country_id, name) values (93, 30, 'Severo-Kazahstanskaya obl.');
insert into l_state (id, country_id, name) values (94, 30, 'Taldy-Kurganskaya obl.');
insert into l_state (id, country_id, name) values (95, 30, 'Turgaiskaya obl.');
insert into l_state (id, country_id, name) values (96, 30, 'Akmolinskaya obl. (Tselinogradskaya obl.)');
insert into l_state (id, country_id, name) values (97, 30, 'Chimkentskaya obl.');
insert into l_state (id, country_id, name) values (98, 31, 'Littoral');
insert into l_state (id, country_id, name) values (99, 31, 'Southwest Region');
insert into l_state (id, country_id, name) values (100, 31, 'North');
insert into l_state (id, country_id, name) values (101, 31, 'Central');
insert into l_state (id, country_id, name) values (102, 33, 'Government controlled area');
insert into l_state (id, country_id, name) values (103, 33, 'Turkish controlled area');
insert into l_state (id, country_id, name) values (104, 34, 'Issik Kulskaya Region');
insert into l_state (id, country_id, name) values (105, 34, 'Kyrgyzstan');
insert into l_state (id, country_id, name) values (106, 34, 'Narinskaya Region');
insert into l_state (id, country_id, name) values (107, 34, 'Oshskaya Region');
insert into l_state (id, country_id, name) values (108, 34, 'Tallaskaya Region');
insert into l_state (id, country_id, name) values (109, 37, 'al-Jahra');
insert into l_state (id, country_id, name) values (110, 37, 'al-Kuwait');
insert into l_state (id, country_id, name) values (111, 38, 'Latviya');
insert into l_state (id, country_id, name) values (112, 39, 'Tarabulus');
insert into l_state (id, country_id, name) values (113, 39, 'Bengasi');
insert into l_state (id, country_id, name) values (114, 40, 'Litva');
insert into l_state (id, country_id, name) values (115, 43, 'Moldova');
insert into l_state (id, country_id, name) values (116, 45, 'Auckland');
insert into l_state (id, country_id, name) values (117, 45, 'Bay of Plenty');
insert into l_state (id, country_id, name) values (118, 45, 'Canterbury');
insert into l_state (id, country_id, name) values (119, 45, 'Gisborne');
insert into l_state (id, country_id, name) values (120, 45, 'Hawke&#039;s Bay');
insert into l_state (id, country_id, name) values (121, 45, 'Manawatu-Wanganui');
insert into l_state (id, country_id, name) values (122, 45, 'Marlborough');
insert into l_state (id, country_id, name) values (123, 45, 'Nelson');
insert into l_state (id, country_id, name) values (124, 45, 'Northland');
insert into l_state (id, country_id, name) values (125, 45, 'Otago');
insert into l_state (id, country_id, name) values (126, 45, 'Southland');
insert into l_state (id, country_id, name) values (127, 45, 'Taranaki');
insert into l_state (id, country_id, name) values (128, 45, 'Tasman');
insert into l_state (id, country_id, name) values (129, 45, 'Waikato');
insert into l_state (id, country_id, name) values (130, 45, 'Wellington');
insert into l_state (id, country_id, name) values (131, 45, 'West Coast');
insert into l_state (id, country_id, name) values (132, 49, 'Saint-Denis');
insert into l_state (id, country_id, name) values (133, 50, 'Altaiskii krai');
insert into l_state (id, country_id, name) values (134, 50, 'Amurskaya obl.');
insert into l_state (id, country_id, name) values (135, 50, 'Arhangelskaya obl.');
insert into l_state (id, country_id, name) values (136, 50, 'Astrahanskaya obl.');
insert into l_state (id, country_id, name) values (137, 50, 'Bashkiriya obl.');
insert into l_state (id, country_id, name) values (138, 50, 'Belgorodskaya obl.');
insert into l_state (id, country_id, name) values (139, 50, 'Bryanskaya obl.');
insert into l_state (id, country_id, name) values (140, 50, 'Buryatiya');
insert into l_state (id, country_id, name) values (141, 50, 'Vladimirskaya obl.');
insert into l_state (id, country_id, name) values (142, 50, 'Volgogradskaya obl.');
insert into l_state (id, country_id, name) values (143, 50, 'Vologodskaya obl.');
insert into l_state (id, country_id, name) values (144, 50, 'Voronezhskaya obl.');
insert into l_state (id, country_id, name) values (145, 50, 'Nizhegorodskaya obl.');
insert into l_state (id, country_id, name) values (146, 50, 'Dagestan');
insert into l_state (id, country_id, name) values (147, 50, 'Evreiskaya obl.');
insert into l_state (id, country_id, name) values (148, 50, 'Ivanovskaya obl.');
insert into l_state (id, country_id, name) values (149, 50, 'Irkutskaya obl.');
insert into l_state (id, country_id, name) values (150, 50, 'Kabardino-Balkariya');
insert into l_state (id, country_id, name) values (151, 50, 'Kaliningradskaya obl.');
insert into l_state (id, country_id, name) values (152, 50, 'Tverskaya obl.');
insert into l_state (id, country_id, name) values (153, 50, 'Kalmykiya');
insert into l_state (id, country_id, name) values (154, 50, 'Kaluzhskaya obl.');
insert into l_state (id, country_id, name) values (155, 50, 'Kamchatskaya obl.');
insert into l_state (id, country_id, name) values (156, 50, 'Kareliya');
insert into l_state (id, country_id, name) values (157, 50, 'Kemerovskaya obl.');
insert into l_state (id, country_id, name) values (158, 50, 'Kirovskaya obl.');
insert into l_state (id, country_id, name) values (159, 50, 'Komi');
insert into l_state (id, country_id, name) values (160, 50, 'Kostromskaya obl.');
insert into l_state (id, country_id, name) values (161, 50, 'Krasnodarskii krai');
insert into l_state (id, country_id, name) values (162, 50, 'Krasnoyarskii krai');
insert into l_state (id, country_id, name) values (163, 50, 'Kurganskaya obl.');
insert into l_state (id, country_id, name) values (164, 50, 'Kurskaya obl.');
insert into l_state (id, country_id, name) values (165, 50, 'Lipetskaya obl.');
insert into l_state (id, country_id, name) values (166, 50, 'Magadanskaya obl.');
insert into l_state (id, country_id, name) values (167, 50, 'Marii El');
insert into l_state (id, country_id, name) values (168, 50, 'Mordoviya');
insert into l_state (id, country_id, name) values (169, 50, 'Moscow &amp; Moscow Region');
insert into l_state (id, country_id, name) values (170, 50, 'Murmanskaya obl.');
insert into l_state (id, country_id, name) values (171, 50, 'Novgorodskaya obl.');
insert into l_state (id, country_id, name) values (172, 50, 'Novosibirskaya obl.');
insert into l_state (id, country_id, name) values (173, 50, 'Omskaya obl.');
insert into l_state (id, country_id, name) values (174, 50, 'Orenburgskaya obl.');
insert into l_state (id, country_id, name) values (175, 50, 'Orlovskaya obl.');
insert into l_state (id, country_id, name) values (176, 50, 'Penzenskaya obl.');
insert into l_state (id, country_id, name) values (177, 50, 'Permskiy krai');
insert into l_state (id, country_id, name) values (178, 50, 'Primorskii krai');
insert into l_state (id, country_id, name) values (179, 50, 'Pskovskaya obl.');
insert into l_state (id, country_id, name) values (180, 50, 'Rostovskaya obl.');
insert into l_state (id, country_id, name) values (181, 50, 'Ryazanskaya obl.');
insert into l_state (id, country_id, name) values (182, 50, 'Samarskaya obl.');
insert into l_state (id, country_id, name) values (183, 50, 'Saint-Petersburg and Region');
insert into l_state (id, country_id, name) values (184, 50, 'Saratovskaya obl.');
insert into l_state (id, country_id, name) values (185, 50, 'Saha (Yakutiya)');
insert into l_state (id, country_id, name) values (186, 50, 'Sahalin');
insert into l_state (id, country_id, name) values (187, 50, 'Sverdlovskaya obl.');
insert into l_state (id, country_id, name) values (188, 50, 'Severnaya Osetiya');
insert into l_state (id, country_id, name) values (189, 50, 'Smolenskaya obl.');
insert into l_state (id, country_id, name) values (190, 50, 'Stavropolskii krai');
insert into l_state (id, country_id, name) values (191, 50, 'Tambovskaya obl.');
insert into l_state (id, country_id, name) values (192, 50, 'Tatarstan');
insert into l_state (id, country_id, name) values (193, 50, 'Tomskaya obl.');
insert into l_state (id, country_id, name) values (195, 50, 'Tulskaya obl.');
insert into l_state (id, country_id, name) values (196, 50, 'Tyumenskaya obl. i Hanty-Mansiiskii AO');
insert into l_state (id, country_id, name) values (197, 50, 'Udmurtiya');
insert into l_state (id, country_id, name) values (198, 50, 'Ulyanovskaya obl.');
insert into l_state (id, country_id, name) values (199, 50, 'Uralskaya obl.');
insert into l_state (id, country_id, name) values (200, 50, 'Habarovskii krai');
insert into l_state (id, country_id, name) values (201, 50, 'Chelyabinskaya obl.');
insert into l_state (id, country_id, name) values (202, 50, 'Checheno-Ingushetiya');
insert into l_state (id, country_id, name) values (203, 50, 'Chitinskaya obl.');
insert into l_state (id, country_id, name) values (204, 50, 'Chuvashiya');
insert into l_state (id, country_id, name) values (205, 50, 'Yaroslavskaya obl.');
insert into l_state (id, country_id, name) values (206, 51, 'Ahuachapán');
insert into l_state (id, country_id, name) values (207, 51, 'Cuscatlán');
insert into l_state (id, country_id, name) values (208, 51, 'La Libertad');
insert into l_state (id, country_id, name) values (209, 51, 'La Paz');
insert into l_state (id, country_id, name) values (210, 51, 'La Unión');
insert into l_state (id, country_id, name) values (211, 51, 'San Miguel');
insert into l_state (id, country_id, name) values (212, 51, 'San Salvador');
insert into l_state (id, country_id, name) values (213, 51, 'Santa Ana');
insert into l_state (id, country_id, name) values (214, 51, 'Sonsonate');
insert into l_state (id, country_id, name) values (215, 54, 'Paramaribo');
insert into l_state (id, country_id, name) values (216, 56, 'Gorno-Badakhshan Region');
insert into l_state (id, country_id, name) values (217, 56, 'Kuljabsk Region');
insert into l_state (id, country_id, name) values (218, 56, 'Kurgan-Tjube Region');
insert into l_state (id, country_id, name) values (219, 56, 'Sughd Region');
insert into l_state (id, country_id, name) values (220, 56, 'Tajikistan');
insert into l_state (id, country_id, name) values (221, 57, 'Ashgabat Region');
insert into l_state (id, country_id, name) values (222, 57, 'Krasnovodsk Region');
insert into l_state (id, country_id, name) values (223, 57, 'Mary Region');
insert into l_state (id, country_id, name) values (224, 57, 'Tashauz Region');
insert into l_state (id, country_id, name) values (225, 57, 'Chardzhou Region');
insert into l_state (id, country_id, name) values (226, 58, 'Grand Turk');
insert into l_state (id, country_id, name) values (227, 59, 'Bartin');
insert into l_state (id, country_id, name) values (228, 59, 'Bayburt');
insert into l_state (id, country_id, name) values (229, 59, 'Karabuk');
insert into l_state (id, country_id, name) values (230, 59, 'Adana');
insert into l_state (id, country_id, name) values (231, 59, 'Aydin');
insert into l_state (id, country_id, name) values (232, 59, 'Amasya');
insert into l_state (id, country_id, name) values (233, 59, 'Ankara');
insert into l_state (id, country_id, name) values (234, 59, 'Antalya');
insert into l_state (id, country_id, name) values (235, 59, 'Artvin');
insert into l_state (id, country_id, name) values (236, 59, 'Afion');
insert into l_state (id, country_id, name) values (237, 59, 'Balikesir');
insert into l_state (id, country_id, name) values (238, 59, 'Bilecik');
insert into l_state (id, country_id, name) values (239, 59, 'Bursa');
insert into l_state (id, country_id, name) values (240, 59, 'Gaziantep');
insert into l_state (id, country_id, name) values (241, 59, 'Denizli');
insert into l_state (id, country_id, name) values (242, 59, 'Izmir');
insert into l_state (id, country_id, name) values (243, 59, 'Isparta');
insert into l_state (id, country_id, name) values (244, 59, 'Icel');
insert into l_state (id, country_id, name) values (245, 59, 'Kayseri');
insert into l_state (id, country_id, name) values (246, 59, 'Kars');
insert into l_state (id, country_id, name) values (247, 59, 'Kodjaeli');
insert into l_state (id, country_id, name) values (248, 59, 'Konya');
insert into l_state (id, country_id, name) values (249, 59, 'Kirklareli');
insert into l_state (id, country_id, name) values (250, 59, 'Kutahya');
insert into l_state (id, country_id, name) values (251, 59, 'Malatya');
insert into l_state (id, country_id, name) values (252, 59, 'Manisa');
insert into l_state (id, country_id, name) values (253, 59, 'Sakarya');
insert into l_state (id, country_id, name) values (254, 59, 'Samsun');
insert into l_state (id, country_id, name) values (255, 59, 'Sivas');
insert into l_state (id, country_id, name) values (256, 59, 'Istanbul');
insert into l_state (id, country_id, name) values (257, 59, 'Trabzon');
insert into l_state (id, country_id, name) values (258, 59, 'Corum');
insert into l_state (id, country_id, name) values (259, 59, 'Edirne');
insert into l_state (id, country_id, name) values (260, 59, 'Elazig');
insert into l_state (id, country_id, name) values (261, 59, 'Erzincan');
insert into l_state (id, country_id, name) values (262, 59, 'Erzurum');
insert into l_state (id, country_id, name) values (263, 59, 'Eskisehir');
insert into l_state (id, country_id, name) values (264, 60, 'Jinja');
insert into l_state (id, country_id, name) values (265, 60, 'Kampala');
insert into l_state (id, country_id, name) values (266, 61, 'Andijon Region');
insert into l_state (id, country_id, name) values (267, 61, 'Buxoro Region');
insert into l_state (id, country_id, name) values (268, 61, 'Jizzac Region');
insert into l_state (id, country_id, name) values (269, 61, 'Qaraqalpaqstan');
insert into l_state (id, country_id, name) values (270, 61, 'Qashqadaryo Region');
insert into l_state (id, country_id, name) values (271, 61, 'Navoiy Region');
insert into l_state (id, country_id, name) values (272, 61, 'Namangan Region');
insert into l_state (id, country_id, name) values (273, 61, 'Samarqand Region');
insert into l_state (id, country_id, name) values (274, 61, 'Surxondaryo Region');
insert into l_state (id, country_id, name) values (275, 61, 'Sirdaryo Region');
insert into l_state (id, country_id, name) values (276, 61, 'Tashkent Region');
insert into l_state (id, country_id, name) values (277, 61, 'Fergana Region');
insert into l_state (id, country_id, name) values (278, 61, 'Xorazm Region');
insert into l_state (id, country_id, name) values (279, 62, 'Vinnitskaya obl.');
insert into l_state (id, country_id, name) values (280, 62, 'Volynskaya obl.');
insert into l_state (id, country_id, name) values (281, 62, 'Dnepropetrovskaya obl.');
insert into l_state (id, country_id, name) values (282, 62, 'Donetskaya obl.');
insert into l_state (id, country_id, name) values (283, 62, 'Zhitomirskaya obl.');
insert into l_state (id, country_id, name) values (284, 62, 'Zakarpatskaya obl.');
insert into l_state (id, country_id, name) values (285, 62, 'Zaporozhskaya obl.');
insert into l_state (id, country_id, name) values (286, 62, 'Ivano-Frankovskaya obl.');
insert into l_state (id, country_id, name) values (287, 62, 'Kievskaya obl.');
insert into l_state (id, country_id, name) values (288, 62, 'Kirovogradskaya obl.');
insert into l_state (id, country_id, name) values (289, 62, 'Krymskaya obl.');
insert into l_state (id, country_id, name) values (290, 62, 'Luganskaya obl.');
insert into l_state (id, country_id, name) values (291, 62, 'Lvovskaya obl.');
insert into l_state (id, country_id, name) values (292, 62, 'Nikolaevskaya obl.');
insert into l_state (id, country_id, name) values (293, 62, 'Odesskaya obl.');
insert into l_state (id, country_id, name) values (294, 62, 'Poltavskaya obl.');
insert into l_state (id, country_id, name) values (295, 62, 'Rovenskaya obl.');
insert into l_state (id, country_id, name) values (296, 62, 'Sumskaya obl.');
insert into l_state (id, country_id, name) values (297, 62, 'Ternopolskaya obl.');
insert into l_state (id, country_id, name) values (298, 62, 'Harkovskaya obl.');
insert into l_state (id, country_id, name) values (299, 62, 'Hersonskaya obl.');
insert into l_state (id, country_id, name) values (300, 62, 'Hmelnitskaya obl.');
insert into l_state (id, country_id, name) values (301, 62, 'Cherkasskaya obl.');
insert into l_state (id, country_id, name) values (302, 62, 'Chernigovskaya obl.');
insert into l_state (id, country_id, name) values (303, 62, 'Chernovitskaya obl.');
insert into l_state (id, country_id, name) values (304, 68, 'Estoniya');
insert into l_state (id, country_id, name) values (305, 69, 'Cheju');
insert into l_state (id, country_id, name) values (306, 69, 'Chollabuk');
insert into l_state (id, country_id, name) values (307, 69, 'Chollanam');
insert into l_state (id, country_id, name) values (308, 69, 'Chungcheongbuk');
insert into l_state (id, country_id, name) values (309, 69, 'Chungcheongnam');
insert into l_state (id, country_id, name) values (310, 69, 'Incheon');
insert into l_state (id, country_id, name) values (311, 69, 'Kangweon');
insert into l_state (id, country_id, name) values (312, 69, 'Kwangju');
insert into l_state (id, country_id, name) values (313, 69, 'Kyeonggi');
insert into l_state (id, country_id, name) values (314, 69, 'Kyeongsangbuk');
insert into l_state (id, country_id, name) values (315, 69, 'Kyeongsangnam');
insert into l_state (id, country_id, name) values (316, 69, 'Pusan');
insert into l_state (id, country_id, name) values (317, 69, 'Seoul');
insert into l_state (id, country_id, name) values (318, 69, 'Taegu');
insert into l_state (id, country_id, name) values (319, 69, 'Taejeon');
insert into l_state (id, country_id, name) values (320, 69, 'Ulsan');
insert into l_state (id, country_id, name) values (321, 70, 'Aichi');
insert into l_state (id, country_id, name) values (322, 70, 'Akita');
insert into l_state (id, country_id, name) values (323, 70, 'Aomori');
insert into l_state (id, country_id, name) values (324, 70, 'Wakayama');
insert into l_state (id, country_id, name) values (325, 70, 'Gifu');
insert into l_state (id, country_id, name) values (326, 70, 'Gunma');
insert into l_state (id, country_id, name) values (327, 70, 'Ibaraki');
insert into l_state (id, country_id, name) values (328, 70, 'Iwate');
insert into l_state (id, country_id, name) values (329, 70, 'Ishikawa');
insert into l_state (id, country_id, name) values (330, 70, 'Kagawa');
insert into l_state (id, country_id, name) values (331, 70, 'Kagoshima');
insert into l_state (id, country_id, name) values (332, 70, 'Kanagawa');
insert into l_state (id, country_id, name) values (333, 70, 'Kyoto');
insert into l_state (id, country_id, name) values (334, 70, 'Kochi');
insert into l_state (id, country_id, name) values (335, 70, 'Kumamoto');
insert into l_state (id, country_id, name) values (336, 70, 'Mie');
insert into l_state (id, country_id, name) values (337, 70, 'Miyagi');
insert into l_state (id, country_id, name) values (338, 70, 'Miyazaki');
insert into l_state (id, country_id, name) values (339, 70, 'Nagano');
insert into l_state (id, country_id, name) values (340, 70, 'Nagasaki');
insert into l_state (id, country_id, name) values (341, 70, 'Nara');
insert into l_state (id, country_id, name) values (342, 70, 'Niigata');
insert into l_state (id, country_id, name) values (343, 70, 'Okayama');
insert into l_state (id, country_id, name) values (344, 70, 'Okinawa');
insert into l_state (id, country_id, name) values (345, 70, 'Osaka');
insert into l_state (id, country_id, name) values (346, 70, 'Saga');
insert into l_state (id, country_id, name) values (347, 70, 'Saitama');
insert into l_state (id, country_id, name) values (348, 70, 'Shiga');
insert into l_state (id, country_id, name) values (349, 70, 'Shizuoka');
insert into l_state (id, country_id, name) values (350, 70, 'Shimane');
insert into l_state (id, country_id, name) values (351, 70, 'Tiba');
insert into l_state (id, country_id, name) values (352, 70, 'Tokyo');
insert into l_state (id, country_id, name) values (353, 70, 'Tokushima');
insert into l_state (id, country_id, name) values (354, 70, 'Tochigi');
insert into l_state (id, country_id, name) values (355, 70, 'Tottori');
insert into l_state (id, country_id, name) values (356, 70, 'Toyama');
insert into l_state (id, country_id, name) values (357, 70, 'Fukui');
insert into l_state (id, country_id, name) values (358, 70, 'Fukuoka');
insert into l_state (id, country_id, name) values (359, 70, 'Fukushima');
insert into l_state (id, country_id, name) values (360, 70, 'Hiroshima');
insert into l_state (id, country_id, name) values (361, 70, 'Hokkaido');
insert into l_state (id, country_id, name) values (362, 70, 'Hyogo');
insert into l_state (id, country_id, name) values (363, 70, 'Yoshimi');
insert into l_state (id, country_id, name) values (364, 70, 'Yamagata');
insert into l_state (id, country_id, name) values (365, 70, 'Yamaguchi');
insert into l_state (id, country_id, name) values (366, 70, 'Yamanashi');
insert into l_state (id, country_id, name) values (368, 73, 'Hong Kong');
insert into l_state (id, country_id, name) values (369, 74, 'Indonesia');
insert into l_state (id, country_id, name) values (370, 75, 'Jordan');
insert into l_state (id, country_id, name) values (371, 76, 'Malaysia');
insert into l_state (id, country_id, name) values (372, 77, 'Singapore');
insert into l_state (id, country_id, name) values (373, 78, 'Taiwan');
insert into l_state (id, country_id, name) values (374, 30, 'Kazahstan');
insert into l_state (id, country_id, name) values (375, 62, 'Ukraina');
insert into l_state (id, country_id, name) values (376, 25, 'India');
insert into l_state (id, country_id, name) values (377, 23, 'Egypt');
insert into l_state (id, country_id, name) values (378, 106, 'Damascus');
insert into l_state (id, country_id, name) values (379, 131, 'Isle of Man');
insert into l_state (id, country_id, name) values (380, 30, 'Zapadno-Kazahstanskaya obl.');
insert into l_state (id, country_id, name) values (381, 50, 'Adygeya');
insert into l_state (id, country_id, name) values (382, 50, 'Hakasiya');
insert into l_state (id, country_id, name) values (383, 93, 'Dubai');
insert into l_state (id, country_id, name) values (384, 50, 'Chukotskii AO');
insert into l_state (id, country_id, name) values (385, 99, 'Beirut');
insert into l_state (id, country_id, name) values (386, 137, 'Tegucigalpa');
insert into l_state (id, country_id, name) values (387, 138, 'Santo Domingo');
insert into l_state (id, country_id, name) values (388, 139, 'Ulan Bator');
insert into l_state (id, country_id, name) values (389, 23, 'Sinai');
insert into l_state (id, country_id, name) values (390, 140, 'Baghdad');
insert into l_state (id, country_id, name) values (391, 140, 'Basra');
insert into l_state (id, country_id, name) values (392, 140, 'Mosul');
insert into l_state (id, country_id, name) values (393, 141, 'Johannesburg');
insert into l_state (id, country_id, name) values (394, 104, 'Morocco');
insert into l_state (id, country_id, name) values (395, 104, 'Tangier');
insert into l_state (id, country_id, name) values (396, 50, 'Yamalo-Nenetskii AO');
insert into l_state (id, country_id, name) values (397, 122, 'Tunisia');
insert into l_state (id, country_id, name) values (398, 92, 'Thailand');
insert into l_state (id, country_id, name) values (399, 117, 'Mozambique');
insert into l_state (id, country_id, name) values (400, 84, 'Korea');
insert into l_state (id, country_id, name) values (401, 87, 'Pakistan');
insert into l_state (id, country_id, name) values (402, 142, 'Aruba');
insert into l_state (id, country_id, name) values (403, 80, 'Bahamas');
insert into l_state (id, country_id, name) values (404, 69, 'South Korea');
insert into l_state (id, country_id, name) values (405, 132, 'Jamaica');
insert into l_state (id, country_id, name) values (406, 93, 'Sharjah');
insert into l_state (id, country_id, name) values (407, 93, 'Abu Dhabi');
insert into l_state (id, country_id, name) values (409, 24, 'Ramat Hagolan');
insert into l_state (id, country_id, name) values (410, 115, 'Nigeria');
insert into l_state (id, country_id, name) values (411, 64, 'Ain');
insert into l_state (id, country_id, name) values (412, 64, 'Haute-Savoie');
insert into l_state (id, country_id, name) values (413, 64, 'Aisne');
insert into l_state (id, country_id, name) values (414, 64, 'Allier');
insert into l_state (id, country_id, name) values (415, 64, 'Alpes-de-Haute-Provence');
insert into l_state (id, country_id, name) values (416, 64, 'Hautes-Alpes');
insert into l_state (id, country_id, name) values (417, 64, 'Alpes-Maritimes');
insert into l_state (id, country_id, name) values (418, 64, 'Ard&egrave;che');
insert into l_state (id, country_id, name) values (419, 64, 'Ardennes');
insert into l_state (id, country_id, name) values (420, 64, 'Ari&egrave;ge');
insert into l_state (id, country_id, name) values (421, 64, 'Aube');
insert into l_state (id, country_id, name) values (422, 64, 'Aude');
insert into l_state (id, country_id, name) values (423, 64, 'Aveyron');
insert into l_state (id, country_id, name) values (424, 64, 'Bouches-du-Rh&ocirc;ne');
insert into l_state (id, country_id, name) values (425, 64, 'Calvados');
insert into l_state (id, country_id, name) values (426, 64, 'Cantal');
insert into l_state (id, country_id, name) values (427, 64, 'Charente');
insert into l_state (id, country_id, name) values (428, 64, 'Charente Maritime');
insert into l_state (id, country_id, name) values (429, 64, 'Cher');
insert into l_state (id, country_id, name) values (430, 64, 'Corr&egrave;ze');
insert into l_state (id, country_id, name) values (431, 64, 'Dordogne');
insert into l_state (id, country_id, name) values (432, 64, 'Corse');
insert into l_state (id, country_id, name) values (433, 64, 'C&ocirc;te d&#039;Or');
insert into l_state (id, country_id, name) values (434, 64, 'Sa&ocirc;ne et Loire');
insert into l_state (id, country_id, name) values (435, 64, 'C&ocirc;tes d&#039;Armor');
insert into l_state (id, country_id, name) values (436, 64, 'Creuse');
insert into l_state (id, country_id, name) values (437, 64, 'Doubs');
insert into l_state (id, country_id, name) values (438, 64, 'Dr&ocirc;me');
insert into l_state (id, country_id, name) values (439, 64, 'Eure');
insert into l_state (id, country_id, name) values (440, 64, 'Eure-et-Loire');
insert into l_state (id, country_id, name) values (441, 64, 'Finist&egrave;re');
insert into l_state (id, country_id, name) values (442, 64, 'Gard');
insert into l_state (id, country_id, name) values (443, 64, 'Haute-Garonne');
insert into l_state (id, country_id, name) values (444, 64, 'Gers');
insert into l_state (id, country_id, name) values (445, 64, 'Gironde');
insert into l_state (id, country_id, name) values (446, 64, 'Hérault');
insert into l_state (id, country_id, name) values (447, 64, 'Ille et Vilaine');
insert into l_state (id, country_id, name) values (448, 64, 'Indre');
insert into l_state (id, country_id, name) values (449, 64, 'Indre-et-Loire');
insert into l_state (id, country_id, name) values (450, 64, 'Isère');
insert into l_state (id, country_id, name) values (451, 64, 'Jura');
insert into l_state (id, country_id, name) values (452, 64, 'Landes');
insert into l_state (id, country_id, name) values (453, 64, 'Loir-et-Cher');
insert into l_state (id, country_id, name) values (454, 64, 'Loire');
insert into l_state (id, country_id, name) values (455, 64, 'Rh&ocirc;ne');
insert into l_state (id, country_id, name) values (456, 64, 'Haute-Loire');
insert into l_state (id, country_id, name) values (457, 64, 'Loire Atlantique');
insert into l_state (id, country_id, name) values (458, 64, 'Loiret');
insert into l_state (id, country_id, name) values (459, 64, 'Lot');
insert into l_state (id, country_id, name) values (460, 64, 'Lot-et-Garonne');
insert into l_state (id, country_id, name) values (461, 64, 'Loz&egrave;re');
insert into l_state (id, country_id, name) values (462, 64, 'Maine et Loire');
insert into l_state (id, country_id, name) values (463, 64, 'Manche');
insert into l_state (id, country_id, name) values (464, 64, 'Marne');
insert into l_state (id, country_id, name) values (465, 64, 'Haute-Marne');
insert into l_state (id, country_id, name) values (466, 64, 'Mayenne');
insert into l_state (id, country_id, name) values (467, 64, 'Meurthe-et-Moselle');
insert into l_state (id, country_id, name) values (468, 64, 'Meuse');
insert into l_state (id, country_id, name) values (469, 64, 'Morbihan');
insert into l_state (id, country_id, name) values (470, 64, 'Moselle');
insert into l_state (id, country_id, name) values (471, 64, 'Ni&egrave;vre');
insert into l_state (id, country_id, name) values (472, 64, 'Nord');
insert into l_state (id, country_id, name) values (473, 64, 'Oise');
insert into l_state (id, country_id, name) values (474, 64, 'Orne');
insert into l_state (id, country_id, name) values (475, 64, 'Pas-de-Calais');
insert into l_state (id, country_id, name) values (476, 64, 'Puy-de-D&ocirc;me');
insert into l_state (id, country_id, name) values (477, 64, 'Pyrénées-Atlantiques');
insert into l_state (id, country_id, name) values (478, 64, 'Hautes-Pyrénées');
insert into l_state (id, country_id, name) values (479, 64, 'Pyrénées-Orientales');
insert into l_state (id, country_id, name) values (480, 64, 'Bas Rhin');
insert into l_state (id, country_id, name) values (481, 64, 'Haut Rhin');
insert into l_state (id, country_id, name) values (482, 64, 'Haute-Sa&ocirc;ne');
insert into l_state (id, country_id, name) values (483, 64, 'Sarthe');
insert into l_state (id, country_id, name) values (484, 64, 'Savoie');
insert into l_state (id, country_id, name) values (485, 64, 'Paris');
insert into l_state (id, country_id, name) values (486, 64, 'Seine-Maritime');
insert into l_state (id, country_id, name) values (487, 64, 'Seine-et-Marne');
insert into l_state (id, country_id, name) values (488, 64, 'Yvelines');
insert into l_state (id, country_id, name) values (489, 64, 'Deux-S&egrave;vres');
insert into l_state (id, country_id, name) values (490, 64, 'Somme');
insert into l_state (id, country_id, name) values (491, 64, 'Tarn');
insert into l_state (id, country_id, name) values (492, 64, 'Tarn-et-Garonne');
insert into l_state (id, country_id, name) values (493, 64, 'Var');
insert into l_state (id, country_id, name) values (494, 64, 'Vaucluse');
insert into l_state (id, country_id, name) values (495, 64, 'Vendée');
insert into l_state (id, country_id, name) values (496, 64, 'Vienne');
insert into l_state (id, country_id, name) values (497, 64, 'Haute-Vienne');
insert into l_state (id, country_id, name) values (498, 64, 'Vosges');
insert into l_state (id, country_id, name) values (499, 64, 'Yonne');
insert into l_state (id, country_id, name) values (500, 64, 'Territoire de Belfort');
insert into l_state (id, country_id, name) values (501, 64, 'Essonne');
insert into l_state (id, country_id, name) values (502, 64, 'Hauts-de-Seine');
insert into l_state (id, country_id, name) values (503, 64, 'Seine-Saint-Denis');
insert into l_state (id, country_id, name) values (504, 64, 'Val-de-Marne');
insert into l_state (id, country_id, name) values (505, 64, 'Val-d&#039;Oise');
insert into l_state (id, country_id, name) values (506, 29, 'Piemonte - Torino');
insert into l_state (id, country_id, name) values (507, 29, 'Piemonte - Alessandria');
insert into l_state (id, country_id, name) values (508, 29, 'Piemonte - Asti');
insert into l_state (id, country_id, name) values (509, 29, 'Piemonte - Biella');
insert into l_state (id, country_id, name) values (510, 29, 'Piemonte - Cuneo');
insert into l_state (id, country_id, name) values (511, 29, 'Piemonte - Novara');
insert into l_state (id, country_id, name) values (512, 29, 'Piemonte - Verbania');
insert into l_state (id, country_id, name) values (513, 29, 'Piemonte - Vercelli');
insert into l_state (id, country_id, name) values (514, 29, 'Valle d&#039;Aosta - Aosta');
insert into l_state (id, country_id, name) values (515, 29, 'Lombardia - Milano');
insert into l_state (id, country_id, name) values (516, 29, 'Lombardia - Bergamo');
insert into l_state (id, country_id, name) values (517, 29, 'Lombardia - Brescia');
insert into l_state (id, country_id, name) values (518, 29, 'Lombardia - Como');
insert into l_state (id, country_id, name) values (519, 29, 'Lombardia - Cremona');
insert into l_state (id, country_id, name) values (520, 29, 'Lombardia - Lecco');
insert into l_state (id, country_id, name) values (521, 29, 'Lombardia - Lodi');
insert into l_state (id, country_id, name) values (522, 29, 'Lombardia - Mantova');
insert into l_state (id, country_id, name) values (523, 29, 'Lombardia - Pavia');
insert into l_state (id, country_id, name) values (524, 29, 'Lombardia - Sondrio');
insert into l_state (id, country_id, name) values (525, 29, 'Lombardia - Varese');
insert into l_state (id, country_id, name) values (526, 29, 'Trentino Alto Adige - Trento');
insert into l_state (id, country_id, name) values (527, 29, 'Trentino Alto Adige - Bolzano');
insert into l_state (id, country_id, name) values (528, 29, 'Veneto - Venezia');
insert into l_state (id, country_id, name) values (529, 29, 'Veneto - Belluno');
insert into l_state (id, country_id, name) values (530, 29, 'Veneto - Padova');
insert into l_state (id, country_id, name) values (531, 29, 'Veneto - Rovigo');
insert into l_state (id, country_id, name) values (532, 29, 'Veneto - Treviso');
insert into l_state (id, country_id, name) values (533, 29, 'Veneto - Verona');
insert into l_state (id, country_id, name) values (534, 29, 'Veneto - Vicenza');
insert into l_state (id, country_id, name) values (535, 29, 'Friuli Venezia Giulia - Trieste');
insert into l_state (id, country_id, name) values (536, 29, 'Friuli Venezia Giulia - Gorizia');
insert into l_state (id, country_id, name) values (537, 29, 'Friuli Venezia Giulia - Pordenone');
insert into l_state (id, country_id, name) values (538, 29, 'Friuli Venezia Giulia - Udine');
insert into l_state (id, country_id, name) values (539, 29, 'Liguria - Genova');
insert into l_state (id, country_id, name) values (540, 29, 'Liguria - Imperia');
insert into l_state (id, country_id, name) values (541, 29, 'Liguria - La Spezia');
insert into l_state (id, country_id, name) values (542, 29, 'Liguria - Savona');
insert into l_state (id, country_id, name) values (543, 29, 'Emilia Romagna - Bologna');
insert into l_state (id, country_id, name) values (544, 29, 'Emilia Romagna - Ferrara');
insert into l_state (id, country_id, name) values (545, 29, 'Emilia Romagna - Forlì-Cesena');
insert into l_state (id, country_id, name) values (546, 29, 'Emilia Romagna - Modena');
insert into l_state (id, country_id, name) values (547, 29, 'Emilia Romagna - Parma');
insert into l_state (id, country_id, name) values (548, 29, 'Emilia Romagna - Piacenza');
insert into l_state (id, country_id, name) values (549, 29, 'Emilia Romagna - Ravenna');
insert into l_state (id, country_id, name) values (550, 29, 'Emilia Romagna - Reggio Emilia');
insert into l_state (id, country_id, name) values (551, 29, 'Emilia Romagna - Rimini');
insert into l_state (id, country_id, name) values (552, 29, 'Toscana - Firenze');
insert into l_state (id, country_id, name) values (553, 29, 'Toscana - Arezzo');
insert into l_state (id, country_id, name) values (554, 29, 'Toscana - Grosseto');
insert into l_state (id, country_id, name) values (555, 29, 'Toscana - Livorno');
insert into l_state (id, country_id, name) values (556, 29, 'Toscana - Lucca');
insert into l_state (id, country_id, name) values (557, 29, 'Toscana - Massa Carrara');
insert into l_state (id, country_id, name) values (558, 29, 'Toscana - Pisa');
insert into l_state (id, country_id, name) values (559, 29, 'Toscana - Pistoia');
insert into l_state (id, country_id, name) values (560, 29, 'Toscana - Prato');
insert into l_state (id, country_id, name) values (561, 29, 'Toscana - Siena');
insert into l_state (id, country_id, name) values (562, 29, 'Umbria - Perugia');
insert into l_state (id, country_id, name) values (563, 29, 'Umbria - Terni');
insert into l_state (id, country_id, name) values (564, 29, 'Marche - Ancona');
insert into l_state (id, country_id, name) values (565, 29, 'Marche - Ascoli Piceno');
insert into l_state (id, country_id, name) values (566, 29, 'Marche - Macerata');
insert into l_state (id, country_id, name) values (567, 29, 'Marche - Pesaro - Urbino');
insert into l_state (id, country_id, name) values (568, 29, 'Lazio - Roma');
insert into l_state (id, country_id, name) values (569, 29, 'Lazio - Frosinone');
insert into l_state (id, country_id, name) values (570, 29, 'Lazio - Latina');
insert into l_state (id, country_id, name) values (571, 29, 'Lazio - Rieti');
insert into l_state (id, country_id, name) values (572, 29, 'Lazio - Viterbo');
insert into l_state (id, country_id, name) values (573, 29, 'Abruzzo - L´Aquila');
insert into l_state (id, country_id, name) values (574, 29, 'Abruzzo - Chieti');
insert into l_state (id, country_id, name) values (575, 29, 'Abruzzo - Pescara');
insert into l_state (id, country_id, name) values (576, 29, 'Abruzzo - Teramo');
insert into l_state (id, country_id, name) values (577, 29, 'Molise - Campobasso');
insert into l_state (id, country_id, name) values (578, 29, 'Molise - Isernia');
insert into l_state (id, country_id, name) values (579, 29, 'Campania - Napoli');
insert into l_state (id, country_id, name) values (580, 29, 'Campania - Avellino');
insert into l_state (id, country_id, name) values (581, 29, 'Campania - Benevento');
insert into l_state (id, country_id, name) values (582, 29, 'Campania - Caserta');
insert into l_state (id, country_id, name) values (583, 29, 'Campania - Salerno');
insert into l_state (id, country_id, name) values (584, 29, 'Puglia - Bari');
insert into l_state (id, country_id, name) values (585, 29, 'Puglia - Brindisi');
insert into l_state (id, country_id, name) values (586, 29, 'Puglia - Foggia');
insert into l_state (id, country_id, name) values (587, 29, 'Puglia - Lecce');
insert into l_state (id, country_id, name) values (588, 29, 'Puglia - Taranto');
insert into l_state (id, country_id, name) values (589, 29, 'Basilicata - Potenza');
insert into l_state (id, country_id, name) values (590, 29, 'Basilicata - Matera');
insert into l_state (id, country_id, name) values (591, 29, 'Calabria - Catanzaro');
insert into l_state (id, country_id, name) values (592, 29, 'Calabria - Cosenza');
insert into l_state (id, country_id, name) values (593, 29, 'Calabria - Crotone');
insert into l_state (id, country_id, name) values (594, 29, 'Calabria - Reggio Calabria');
insert into l_state (id, country_id, name) values (595, 29, 'Calabria - Vibo Valentia');
insert into l_state (id, country_id, name) values (596, 29, 'Sicilia - Palermo');
insert into l_state (id, country_id, name) values (597, 29, 'Sicilia - Agrigento');
insert into l_state (id, country_id, name) values (598, 29, 'Sicilia - Caltanissetta');
insert into l_state (id, country_id, name) values (599, 29, 'Sicilia - Catania');
insert into l_state (id, country_id, name) values (600, 29, 'Sicilia - Enna');
insert into l_state (id, country_id, name) values (601, 29, 'Sicilia - Messina');
insert into l_state (id, country_id, name) values (602, 29, 'Sicilia - Ragusa');
insert into l_state (id, country_id, name) values (603, 29, 'Sicilia - Siracusa');
insert into l_state (id, country_id, name) values (604, 29, 'Sicilia - Trapani');
insert into l_state (id, country_id, name) values (605, 29, 'Sardegna - Cagliari');
insert into l_state (id, country_id, name) values (606, 29, 'Sardegna - Nuoro');
insert into l_state (id, country_id, name) values (607, 29, 'Sardegna - Oristano');
insert into l_state (id, country_id, name) values (608, 29, 'Sardegna - Sassari');
insert into l_state (id, country_id, name) values (609, 28, 'Las Palmas');
insert into l_state (id, country_id, name) values (610, 28, 'Soria');
insert into l_state (id, country_id, name) values (611, 28, 'Palencia');
insert into l_state (id, country_id, name) values (612, 28, 'Zamora');
insert into l_state (id, country_id, name) values (613, 28, 'Cádiz');
insert into l_state (id, country_id, name) values (614, 28, 'Navarra');
insert into l_state (id, country_id, name) values (615, 28, 'Ourense');
insert into l_state (id, country_id, name) values (616, 28, 'Segovia');
insert into l_state (id, country_id, name) values (617, 28, 'Guip&uacute;zcoa');
insert into l_state (id, country_id, name) values (618, 28, 'Ciudad Real');
insert into l_state (id, country_id, name) values (619, 28, 'Vizcaya');
insert into l_state (id, country_id, name) values (620, 28, 'álava');
insert into l_state (id, country_id, name) values (621, 28, 'A Coruña');
insert into l_state (id, country_id, name) values (622, 28, 'Cantabria');
insert into l_state (id, country_id, name) values (623, 28, 'Almería');
insert into l_state (id, country_id, name) values (624, 28, 'Zaragoza');
insert into l_state (id, country_id, name) values (625, 28, 'Santa Cruz de Tenerife');
insert into l_state (id, country_id, name) values (626, 28, 'Cáceres');
insert into l_state (id, country_id, name) values (627, 28, 'Guadalajara');
insert into l_state (id, country_id, name) values (628, 28, 'ávila');
insert into l_state (id, country_id, name) values (629, 28, 'Toledo');
insert into l_state (id, country_id, name) values (630, 28, 'Castellón');
insert into l_state (id, country_id, name) values (631, 28, 'Tarragona');
insert into l_state (id, country_id, name) values (632, 28, 'Lugo');
insert into l_state (id, country_id, name) values (633, 28, 'La Rioja');
insert into l_state (id, country_id, name) values (634, 28, 'Ceuta');
insert into l_state (id, country_id, name) values (635, 28, 'Murcia');
insert into l_state (id, country_id, name) values (636, 28, 'Salamanca');
insert into l_state (id, country_id, name) values (637, 28, 'Valladolid');
insert into l_state (id, country_id, name) values (638, 28, 'Jaén');
insert into l_state (id, country_id, name) values (639, 28, 'Girona');
insert into l_state (id, country_id, name) values (640, 28, 'Granada');
insert into l_state (id, country_id, name) values (641, 28, 'Alacant');
insert into l_state (id, country_id, name) values (642, 28, 'Córdoba');
insert into l_state (id, country_id, name) values (643, 28, 'Albacete');
insert into l_state (id, country_id, name) values (644, 28, 'Cuenca');
insert into l_state (id, country_id, name) values (645, 28, 'Pontevedra');
insert into l_state (id, country_id, name) values (646, 28, 'Teruel');
insert into l_state (id, country_id, name) values (647, 28, 'Melilla');
insert into l_state (id, country_id, name) values (648, 28, 'Barcelona');
insert into l_state (id, country_id, name) values (649, 28, 'Badajoz');
insert into l_state (id, country_id, name) values (650, 28, 'Madrid');
insert into l_state (id, country_id, name) values (651, 28, 'Sevilla');
insert into l_state (id, country_id, name) values (652, 28, 'Val&egrave;ncia');
insert into l_state (id, country_id, name) values (653, 28, 'Huelva');
insert into l_state (id, country_id, name) values (654, 28, 'Lleida');
insert into l_state (id, country_id, name) values (655, 28, 'León');
insert into l_state (id, country_id, name) values (656, 28, 'Illes Balears');
insert into l_state (id, country_id, name) values (657, 28, 'Burgos');
insert into l_state (id, country_id, name) values (658, 28, 'Huesca');
insert into l_state (id, country_id, name) values (659, 28, 'Asturias');
insert into l_state (id, country_id, name) values (660, 28, 'Málaga');
insert into l_state (id, country_id, name) values (661, 144, 'Afghanistan');
insert into l_state (id, country_id, name) values (662, 210, 'Niger');
insert into l_state (id, country_id, name) values (663, 133, 'Mali');
insert into l_state (id, country_id, name) values (664, 156, 'Burkina Faso');
insert into l_state (id, country_id, name) values (665, 136, 'Togo');
insert into l_state (id, country_id, name) values (666, 151, 'Benin');
insert into l_state (id, country_id, name) values (667, 119, 'Angola');
insert into l_state (id, country_id, name) values (668, 102, 'Namibia');
insert into l_state (id, country_id, name) values (669, 100, 'Botswana');
insert into l_state (id, country_id, name) values (670, 134, 'Madagascar');
insert into l_state (id, country_id, name) values (671, 202, 'Mauritius');
insert into l_state (id, country_id, name) values (672, 196, 'Laos');
insert into l_state (id, country_id, name) values (673, 158, 'Cambodia');
insert into l_state (id, country_id, name) values (674, 90, 'Philippines');
insert into l_state (id, country_id, name) values (675, 88, 'Papua New Guinea');
insert into l_state (id, country_id, name) values (676, 228, 'Solomon Islands');
insert into l_state (id, country_id, name) values (677, 240, 'Vanuatu');
insert into l_state (id, country_id, name) values (678, 176, 'Fiji');
insert into l_state (id, country_id, name) values (679, 223, 'Samoa');
insert into l_state (id, country_id, name) values (680, 206, 'Nauru');
insert into l_state (id, country_id, name) values (681, 168, 'Cote D&#039;Ivoire');
insert into l_state (id, country_id, name) values (682, 198, 'Liberia');
insert into l_state (id, country_id, name) values (683, 187, 'Guinea');
insert into l_state (id, country_id, name) values (684, 189, 'Guyana');
insert into l_state (id, country_id, name) values (685, 98, 'Algeria');
insert into l_state (id, country_id, name) values (686, 147, 'Antigua and Barbuda');
insert into l_state (id, country_id, name) values (687, 127, 'Bahrain');
insert into l_state (id, country_id, name) values (688, 149, 'Bangladesh');
insert into l_state (id, country_id, name) values (689, 128, 'Barbados');
insert into l_state (id, country_id, name) values (690, 152, 'Bhutan');
insert into l_state (id, country_id, name) values (691, 155, 'Brunei');
insert into l_state (id, country_id, name) values (692, 157, 'Burundi');
insert into l_state (id, country_id, name) values (693, 159, 'Cape Verde');
insert into l_state (id, country_id, name) values (694, 130, 'Chad');
insert into l_state (id, country_id, name) values (695, 164, 'Comoros');
insert into l_state (id, country_id, name) values (696, 112, 'Congo (Brazzaville)');
insert into l_state (id, country_id, name) values (697, 169, 'Djibouti');
insert into l_state (id, country_id, name) values (698, 171, 'East Timor');
insert into l_state (id, country_id, name) values (699, 173, 'Eritrea');
insert into l_state (id, country_id, name) values (700, 121, 'Ethiopia');
insert into l_state (id, country_id, name) values (701, 180, 'Gabon');
insert into l_state (id, country_id, name) values (702, 181, 'Gambia');
insert into l_state (id, country_id, name) values (703, 105, 'Ghana');
insert into l_state (id, country_id, name) values (704, 197, 'Lesotho');
insert into l_state (id, country_id, name) values (705, 125, 'Malawi');
insert into l_state (id, country_id, name) values (706, 200, 'Maldives');
insert into l_state (id, country_id, name) values (707, 205, 'Myanmar (Burma)');
insert into l_state (id, country_id, name) values (708, 107, 'Nepal');
insert into l_state (id, country_id, name) values (709, 213, 'Oman');
insert into l_state (id, country_id, name) values (710, 217, 'Rwanda');
insert into l_state (id, country_id, name) values (711, 91, 'Saudi Arabia');
insert into l_state (id, country_id, name) values (712, 120, 'Sri Lanka');
insert into l_state (id, country_id, name) values (713, 232, 'Sudan');
insert into l_state (id, country_id, name) values (714, 234, 'Swaziland');
insert into l_state (id, country_id, name) values (715, 101, 'Tanzania');
insert into l_state (id, country_id, name) values (716, 236, 'Tonga');
insert into l_state (id, country_id, name) values (717, 239, 'Tuvalu');
insert into l_state (id, country_id, name) values (718, 242, 'Western Sahara');
insert into l_state (id, country_id, name) values (719, 243, 'Yemen');
insert into l_state (id, country_id, name) values (720, 116, 'Zambia');
insert into l_state (id, country_id, name) values (721, 96, 'Zimbabwe');
insert into l_state (id, country_id, name) values (722, 66, 'Aargau');
insert into l_state (id, country_id, name) values (723, 66, 'Appenzell Innerrhoden');
insert into l_state (id, country_id, name) values (724, 66, 'Appenzell Ausserrhoden');
insert into l_state (id, country_id, name) values (725, 66, 'Bern');
insert into l_state (id, country_id, name) values (726, 66, 'Basel-Landschaft');
insert into l_state (id, country_id, name) values (727, 66, 'Basel-Stadt');
insert into l_state (id, country_id, name) values (728, 66, 'Fribourg');
insert into l_state (id, country_id, name) values (729, 66, 'Gen&egrave;ve');
insert into l_state (id, country_id, name) values (730, 66, 'Glarus');
insert into l_state (id, country_id, name) values (731, 66, 'Graubünden');
insert into l_state (id, country_id, name) values (732, 66, 'Jura');
insert into l_state (id, country_id, name) values (733, 66, 'Luzern');
insert into l_state (id, country_id, name) values (734, 66, 'Neuch&acirc;tel');
insert into l_state (id, country_id, name) values (735, 66, 'Nidwalden');
insert into l_state (id, country_id, name) values (736, 66, 'Obwalden');
insert into l_state (id, country_id, name) values (737, 66, 'Sankt Gallen');
insert into l_state (id, country_id, name) values (738, 66, 'Schaffhausen');
insert into l_state (id, country_id, name) values (739, 66, 'Solothurn');
insert into l_state (id, country_id, name) values (740, 66, 'Schwyz');
insert into l_state (id, country_id, name) values (741, 66, 'Thurgau');
insert into l_state (id, country_id, name) values (742, 66, 'Ticino');
insert into l_state (id, country_id, name) values (743, 66, 'Uri');
insert into l_state (id, country_id, name) values (744, 66, 'Vaud');
insert into l_state (id, country_id, name) values (745, 66, 'Valais');
insert into l_state (id, country_id, name) values (746, 66, 'Zug');
insert into l_state (id, country_id, name) values (747, 66, 'Zürich');
insert into l_state (id, country_id, name) values (749, 48, 'Aveiro');
insert into l_state (id, country_id, name) values (750, 48, 'Beja');
insert into l_state (id, country_id, name) values (751, 48, 'Braga');
insert into l_state (id, country_id, name) values (752, 48, 'Braganca');
insert into l_state (id, country_id, name) values (753, 48, 'Castelo Branco');
insert into l_state (id, country_id, name) values (754, 48, 'Coimbra');
insert into l_state (id, country_id, name) values (755, 48, 'Evora');
insert into l_state (id, country_id, name) values (756, 48, 'Faro');
insert into l_state (id, country_id, name) values (757, 48, 'Madeira');
insert into l_state (id, country_id, name) values (758, 48, 'Guarda');
insert into l_state (id, country_id, name) values (759, 48, 'Leiria');
insert into l_state (id, country_id, name) values (760, 48, 'Lisboa');
insert into l_state (id, country_id, name) values (761, 48, 'Portalegre');
insert into l_state (id, country_id, name) values (762, 48, 'Porto');
insert into l_state (id, country_id, name) values (763, 48, 'Santarem');
insert into l_state (id, country_id, name) values (764, 48, 'Setubal');
insert into l_state (id, country_id, name) values (765, 48, 'Viana do Castelo');
insert into l_state (id, country_id, name) values (766, 48, 'Vila Real');
insert into l_state (id, country_id, name) values (767, 48, 'Viseu');
insert into l_state (id, country_id, name) values (768, 48, 'Azores');
insert into l_state (id, country_id, name) values (769, 55, 'Armed Forces Americas');
insert into l_state (id, country_id, name) values (770, 55, 'Armed Forces Europe');
insert into l_state (id, country_id, name) values (771, 55, 'Alaska');
insert into l_state (id, country_id, name) values (772, 55, 'Alabama');
insert into l_state (id, country_id, name) values (773, 55, 'Armed Forces Pacific');
insert into l_state (id, country_id, name) values (774, 55, 'Arkansas');
insert into l_state (id, country_id, name) values (775, 55, 'American Samoa');
insert into l_state (id, country_id, name) values (776, 55, 'Arizona');
insert into l_state (id, country_id, name) values (777, 55, 'California');
insert into l_state (id, country_id, name) values (778, 55, 'Colorado');
insert into l_state (id, country_id, name) values (779, 55, 'Connecticut');
insert into l_state (id, country_id, name) values (780, 55, 'District of Columbia');
insert into l_state (id, country_id, name) values (781, 55, 'Delaware');
insert into l_state (id, country_id, name) values (782, 55, 'Florida');
insert into l_state (id, country_id, name) values (783, 55, 'Federated States of Micronesia');
insert into l_state (id, country_id, name) values (784, 55, 'Georgia');
insert into l_state (id, country_id, name) values (786, 55, 'Hawaii');
insert into l_state (id, country_id, name) values (787, 55, 'Iowa');
insert into l_state (id, country_id, name) values (788, 55, 'Idaho');
insert into l_state (id, country_id, name) values (789, 55, 'Illinois');
insert into l_state (id, country_id, name) values (790, 55, 'Indiana');
insert into l_state (id, country_id, name) values (791, 55, 'Kansas');
insert into l_state (id, country_id, name) values (792, 55, 'Kentucky');
insert into l_state (id, country_id, name) values (793, 55, 'Louisiana');
insert into l_state (id, country_id, name) values (794, 55, 'Massachusetts');
insert into l_state (id, country_id, name) values (795, 55, 'Maryland');
insert into l_state (id, country_id, name) values (796, 55, 'Maine');
insert into l_state (id, country_id, name) values (797, 55, 'Marshall Islands');
insert into l_state (id, country_id, name) values (798, 55, 'Michigan');
insert into l_state (id, country_id, name) values (799, 55, 'Minnesota');
insert into l_state (id, country_id, name) values (800, 55, 'Missouri');
insert into l_state (id, country_id, name) values (801, 55, 'Northern Mariana Islands');
insert into l_state (id, country_id, name) values (802, 55, 'Mississippi');
insert into l_state (id, country_id, name) values (803, 55, 'Montana');
insert into l_state (id, country_id, name) values (804, 55, 'North Carolina');
insert into l_state (id, country_id, name) values (805, 55, 'North Dakota');
insert into l_state (id, country_id, name) values (806, 55, 'Nebraska');
insert into l_state (id, country_id, name) values (807, 55, 'New Hampshire');
insert into l_state (id, country_id, name) values (808, 55, 'New Jersey');
insert into l_state (id, country_id, name) values (809, 55, 'New Mexico');
insert into l_state (id, country_id, name) values (810, 55, 'Nevada');
insert into l_state (id, country_id, name) values (811, 55, 'New York');
insert into l_state (id, country_id, name) values (812, 55, 'Ohio');
insert into l_state (id, country_id, name) values (813, 55, 'Oklahoma');
insert into l_state (id, country_id, name) values (814, 55, 'Oregon');
insert into l_state (id, country_id, name) values (815, 55, 'Pennsylvania');
insert into l_state (id, country_id, name) values (816, 246, 'Puerto Rico');
insert into l_state (id, country_id, name) values (817, 55, 'Palau');
insert into l_state (id, country_id, name) values (818, 55, 'Rhode Island');
insert into l_state (id, country_id, name) values (819, 55, 'South Carolina');
insert into l_state (id, country_id, name) values (820, 55, 'South Dakota');
insert into l_state (id, country_id, name) values (821, 55, 'Tennessee');
insert into l_state (id, country_id, name) values (822, 55, 'Texas');
insert into l_state (id, country_id, name) values (823, 55, 'Utah');
insert into l_state (id, country_id, name) values (824, 55, 'Virginia');
insert into l_state (id, country_id, name) values (825, 55, 'Virgin Islands');
insert into l_state (id, country_id, name) values (826, 55, 'Vermont');
insert into l_state (id, country_id, name) values (827, 55, 'Washington');
insert into l_state (id, country_id, name) values (828, 55, 'West Virginia');
insert into l_state (id, country_id, name) values (829, 55, 'Wisconsin');
insert into l_state (id, country_id, name) values (830, 55, 'Wyoming');
insert into l_state (id, country_id, name) values (831, 94, 'Greenland');
insert into l_state (id, country_id, name) values (832, 18, 'Brandenburg');
insert into l_state (id, country_id, name) values (833, 18, 'Baden-Württemberg');
insert into l_state (id, country_id, name) values (834, 18, 'Bayern');
insert into l_state (id, country_id, name) values (835, 18, 'Hessen');
insert into l_state (id, country_id, name) values (836, 18, 'Hamburg');
insert into l_state (id, country_id, name) values (837, 18, 'Mecklenburg-Vorpommern');
insert into l_state (id, country_id, name) values (838, 18, 'Niedersachsen');
insert into l_state (id, country_id, name) values (839, 18, 'Nordrhein-Westfalen');
insert into l_state (id, country_id, name) values (840, 18, 'Rheinland-Pfalz');
insert into l_state (id, country_id, name) values (841, 18, 'Schleswig-Holstein');
insert into l_state (id, country_id, name) values (842, 18, 'Sachsen');
insert into l_state (id, country_id, name) values (843, 18, 'Sachsen-Anhalt');
insert into l_state (id, country_id, name) values (844, 18, 'Thüringen');
insert into l_state (id, country_id, name) values (845, 18, 'Berlin');
insert into l_state (id, country_id, name) values (846, 18, 'Bremen');
insert into l_state (id, country_id, name) values (847, 18, 'Saarland');
insert into l_state (id, country_id, name) values (848, 13, 'Scotland North');
insert into l_state (id, country_id, name) values (849, 13, 'England - East');
insert into l_state (id, country_id, name) values (850, 13, 'England - West Midlands');
insert into l_state (id, country_id, name) values (851, 13, 'England - South West');
insert into l_state (id, country_id, name) values (852, 13, 'England - North West');
insert into l_state (id, country_id, name) values (853, 13, 'England - Yorks &amp; Humber');
insert into l_state (id, country_id, name) values (854, 13, 'England - South East');
insert into l_state (id, country_id, name) values (855, 13, 'England - London');
insert into l_state (id, country_id, name) values (856, 13, 'Northern Ireland');
insert into l_state (id, country_id, name) values (857, 13, 'England - North East');
insert into l_state (id, country_id, name) values (858, 13, 'Wales South');
insert into l_state (id, country_id, name) values (859, 13, 'Wales North');
insert into l_state (id, country_id, name) values (860, 13, 'England - East Midlands');
insert into l_state (id, country_id, name) values (861, 13, 'Scotland Central');
insert into l_state (id, country_id, name) values (862, 13, 'Scotland South');
insert into l_state (id, country_id, name) values (863, 13, 'Channel Islands');
insert into l_state (id, country_id, name) values (864, 13, 'Isle of Man');
insert into l_state (id, country_id, name) values (865, 2, 'Burgenland');
insert into l_state (id, country_id, name) values (866, 2, 'Kärnten');
insert into l_state (id, country_id, name) values (867, 2, 'Niederösterreich');
insert into l_state (id, country_id, name) values (868, 2, 'Oberösterreich');
insert into l_state (id, country_id, name) values (869, 2, 'Salzburg');
insert into l_state (id, country_id, name) values (870, 2, 'Steiermark');
insert into l_state (id, country_id, name) values (871, 2, 'Tirol');
insert into l_state (id, country_id, name) values (872, 2, 'Vorarlberg');
insert into l_state (id, country_id, name) values (873, 2, 'Wien');
insert into l_state (id, country_id, name) values (874, 9, 'Bruxelles');
insert into l_state (id, country_id, name) values (875, 9, 'West-Vlaanderen');
insert into l_state (id, country_id, name) values (876, 9, 'Oost-Vlaanderen');
insert into l_state (id, country_id, name) values (877, 9, 'Limburg');
insert into l_state (id, country_id, name) values (878, 9, 'Vlaams Brabant');
insert into l_state (id, country_id, name) values (879, 9, 'Antwerpen');
insert into l_state (id, country_id, name) values (880, 9, 'LiÄge');
insert into l_state (id, country_id, name) values (881, 9, 'Namur');
insert into l_state (id, country_id, name) values (882, 9, 'Hainaut');
insert into l_state (id, country_id, name) values (883, 9, 'Luxembourg');
insert into l_state (id, country_id, name) values (884, 9, 'Brabant Wallon');
insert into l_state (id, country_id, name) values (887, 67, 'Blekinge Lan');
insert into l_state (id, country_id, name) values (888, 67, 'Gavleborgs Lan');
insert into l_state (id, country_id, name) values (890, 67, 'Gotlands Lan');
insert into l_state (id, country_id, name) values (891, 67, 'Hallands Lan');
insert into l_state (id, country_id, name) values (892, 67, 'Jamtlands Lan');
insert into l_state (id, country_id, name) values (893, 67, 'Jonkopings Lan');
insert into l_state (id, country_id, name) values (894, 67, 'Kalmar Lan');
insert into l_state (id, country_id, name) values (895, 67, 'Dalarnas Lan');
insert into l_state (id, country_id, name) values (897, 67, 'Kronobergs Lan');
insert into l_state (id, country_id, name) values (899, 67, 'Norrbottens Lan');
insert into l_state (id, country_id, name) values (900, 67, 'Orebro Lan');
insert into l_state (id, country_id, name) values (901, 67, 'Ostergotlands Lan');
insert into l_state (id, country_id, name) values (903, 67, 'Sodermanlands Lan');
insert into l_state (id, country_id, name) values (904, 67, 'Uppsala Lan');
insert into l_state (id, country_id, name) values (905, 67, 'Varmlands Lan');
insert into l_state (id, country_id, name) values (906, 67, 'Vasterbottens Lan');
insert into l_state (id, country_id, name) values (907, 67, 'Vasternorrlands Lan');
insert into l_state (id, country_id, name) values (908, 67, 'Vastmanlands Lan');
insert into l_state (id, country_id, name) values (909, 67, 'Stockholms Lan');
insert into l_state (id, country_id, name) values (910, 67, 'Skane Lan');
insert into l_state (id, country_id, name) values (911, 67, 'Vastra Gotaland');
insert into l_state (id, country_id, name) values (913, 46, 'Akershus');
insert into l_state (id, country_id, name) values (914, 46, 'Aust-Agder');
insert into l_state (id, country_id, name) values (915, 46, 'Buskerud');
insert into l_state (id, country_id, name) values (916, 46, 'Finnmark');
insert into l_state (id, country_id, name) values (917, 46, 'Hedmark');
insert into l_state (id, country_id, name) values (918, 46, 'Hordaland');
insert into l_state (id, country_id, name) values (919, 46, 'More og Romsdal');
insert into l_state (id, country_id, name) values (920, 46, 'Nordland');
insert into l_state (id, country_id, name) values (921, 46, 'Nord-Trondelag');
insert into l_state (id, country_id, name) values (922, 46, 'Oppland');
insert into l_state (id, country_id, name) values (923, 46, 'Oslo');
insert into l_state (id, country_id, name) values (924, 46, 'Ostfold');
insert into l_state (id, country_id, name) values (925, 46, 'Rogaland');
insert into l_state (id, country_id, name) values (926, 46, 'Sogn og Fjordane');
insert into l_state (id, country_id, name) values (927, 46, 'Sor-Trondelag');
insert into l_state (id, country_id, name) values (928, 46, 'Telemark');
insert into l_state (id, country_id, name) values (929, 46, 'Troms');
insert into l_state (id, country_id, name) values (930, 46, 'Vest-Agder');
insert into l_state (id, country_id, name) values (931, 46, 'Vestfold');
insert into l_state (id, country_id, name) values (933, 63, '&ETH;&bull;land');
insert into l_state (id, country_id, name) values (934, 63, 'Lapland');
insert into l_state (id, country_id, name) values (935, 63, 'Oulu');
insert into l_state (id, country_id, name) values (936, 63, 'Southern Finland');
insert into l_state (id, country_id, name) values (937, 63, 'Eastern Finland');
insert into l_state (id, country_id, name) values (938, 63, 'Western Finland');
insert into l_state (id, country_id, name) values (940, 22, 'Arhus');
insert into l_state (id, country_id, name) values (941, 22, 'Bornholm');
insert into l_state (id, country_id, name) values (942, 22, 'Frederiksborg');
insert into l_state (id, country_id, name) values (943, 22, 'Fyn');
insert into l_state (id, country_id, name) values (944, 22, 'Kobenhavn');
insert into l_state (id, country_id, name) values (945, 22, 'Staden Kobenhavn');
insert into l_state (id, country_id, name) values (946, 22, 'Nordjylland');
insert into l_state (id, country_id, name) values (947, 22, 'Ribe');
insert into l_state (id, country_id, name) values (948, 22, 'Ringkobing');
insert into l_state (id, country_id, name) values (949, 22, 'Roskilde');
insert into l_state (id, country_id, name) values (950, 22, 'Sonderjylland');
insert into l_state (id, country_id, name) values (951, 22, 'Storstrom');
insert into l_state (id, country_id, name) values (952, 22, 'Vejle');
insert into l_state (id, country_id, name) values (953, 22, 'Vestsjalland');
insert into l_state (id, country_id, name) values (954, 22, 'Viborg');
insert into l_state (id, country_id, name) values (956, 65, 'Hlavni Mesto Praha');
insert into l_state (id, country_id, name) values (957, 65, 'Jihomoravsky Kraj');
insert into l_state (id, country_id, name) values (958, 65, 'Jihocesky Kraj');
insert into l_state (id, country_id, name) values (959, 65, 'Vysocina');
insert into l_state (id, country_id, name) values (960, 65, 'Karlovarsky Kraj');
insert into l_state (id, country_id, name) values (961, 65, 'Kralovehradecky Kraj');
insert into l_state (id, country_id, name) values (962, 65, 'Liberecky Kraj');
insert into l_state (id, country_id, name) values (963, 65, 'Olomoucky Kraj');
insert into l_state (id, country_id, name) values (964, 65, 'Moravskoslezsky Kraj');
insert into l_state (id, country_id, name) values (965, 65, 'Pardubicky Kraj');
insert into l_state (id, country_id, name) values (966, 65, 'Plzensky Kraj');
insert into l_state (id, country_id, name) values (967, 65, 'Stredocesky Kraj');
insert into l_state (id, country_id, name) values (968, 65, 'Ustecky Kraj');
insert into l_state (id, country_id, name) values (969, 65, 'Zlinsky Kraj');
insert into l_state (id, country_id, name) values (971, 114, 'Berat');
insert into l_state (id, country_id, name) values (972, 114, 'Diber');
insert into l_state (id, country_id, name) values (973, 114, 'Durres');
insert into l_state (id, country_id, name) values (974, 114, 'Elbasan');
insert into l_state (id, country_id, name) values (975, 114, 'Fier');
insert into l_state (id, country_id, name) values (976, 114, 'Gjirokaster');
insert into l_state (id, country_id, name) values (977, 114, 'Korce');
insert into l_state (id, country_id, name) values (978, 114, 'Kukes');
insert into l_state (id, country_id, name) values (979, 114, 'Lezhe');
insert into l_state (id, country_id, name) values (980, 114, 'Shkoder');
insert into l_state (id, country_id, name) values (981, 114, 'Tirane');
insert into l_state (id, country_id, name) values (982, 114, 'Vlore');
insert into l_state (id, country_id, name) values (984, 145, 'Canillo');
insert into l_state (id, country_id, name) values (985, 145, 'Encamp');
insert into l_state (id, country_id, name) values (986, 145, 'La Massana');
insert into l_state (id, country_id, name) values (987, 145, 'Ordino');
insert into l_state (id, country_id, name) values (988, 145, 'Sant Julia de Loria');
insert into l_state (id, country_id, name) values (989, 145, 'Andorra la Vella');
insert into l_state (id, country_id, name) values (990, 145, 'Escaldes-Engordany');
insert into l_state (id, country_id, name) values (992, 6, 'Aragatsotn');
insert into l_state (id, country_id, name) values (993, 6, 'Ararat');
insert into l_state (id, country_id, name) values (994, 6, 'Armavir');
insert into l_state (id, country_id, name) values (995, 6, 'Geghark&#039;unik&#039;');
insert into l_state (id, country_id, name) values (996, 6, 'Kotayk&#039;');
insert into l_state (id, country_id, name) values (997, 6, 'Lorri');
insert into l_state (id, country_id, name) values (998, 6, 'Shirak');
insert into l_state (id, country_id, name) values (999, 6, 'Syunik&#039;');
insert into l_state (id, country_id, name) values (1000, 6, 'Tavush');
insert into l_state (id, country_id, name) values (1001, 6, 'Vayots&#039; Dzor');
insert into l_state (id, country_id, name) values (1002, 6, 'Yerevan');
insert into l_state (id, country_id, name) values (1004, 79, 'Federation of Bosnia and Herzegovina');
insert into l_state (id, country_id, name) values (1005, 79, 'Republika Srpska');
insert into l_state (id, country_id, name) values (1007, 11, 'Mikhaylovgrad');
insert into l_state (id, country_id, name) values (1008, 11, 'Blagoevgrad');
insert into l_state (id, country_id, name) values (1009, 11, 'Burgas');
insert into l_state (id, country_id, name) values (1010, 11, 'Dobrich');
insert into l_state (id, country_id, name) values (1011, 11, 'Gabrovo');
insert into l_state (id, country_id, name) values (1012, 11, 'Grad Sofiya');
insert into l_state (id, country_id, name) values (1013, 11, 'Khaskovo');
insert into l_state (id, country_id, name) values (1014, 11, 'Kurdzhali');
insert into l_state (id, country_id, name) values (1015, 11, 'Kyustendil');
insert into l_state (id, country_id, name) values (1016, 11, 'Lovech');
insert into l_state (id, country_id, name) values (1017, 11, 'Montana');
insert into l_state (id, country_id, name) values (1018, 11, 'Pazardzhik');
insert into l_state (id, country_id, name) values (1019, 11, 'Pernik');
insert into l_state (id, country_id, name) values (1020, 11, 'Pleven');
insert into l_state (id, country_id, name) values (1021, 11, 'Plovdiv');
insert into l_state (id, country_id, name) values (1022, 11, 'Razgrad');
insert into l_state (id, country_id, name) values (1023, 11, 'Ruse');
insert into l_state (id, country_id, name) values (1024, 11, 'Shumen');
insert into l_state (id, country_id, name) values (1025, 11, 'Silistra');
insert into l_state (id, country_id, name) values (1026, 11, 'Sliven');
insert into l_state (id, country_id, name) values (1027, 11, 'Smolyan');
insert into l_state (id, country_id, name) values (1028, 11, 'Sofiya');
insert into l_state (id, country_id, name) values (1029, 11, 'Stara Zagora');
insert into l_state (id, country_id, name) values (1030, 11, 'Turgovishte');
insert into l_state (id, country_id, name) values (1031, 11, 'Varna');
insert into l_state (id, country_id, name) values (1032, 11, 'Veliko Turnovo');
insert into l_state (id, country_id, name) values (1033, 11, 'Vidin');
insert into l_state (id, country_id, name) values (1034, 11, 'Vratsa');
insert into l_state (id, country_id, name) values (1035, 11, 'Yambol');
insert into l_state (id, country_id, name) values (1037, 71, 'Bjelovarsko-Bilogorska');
insert into l_state (id, country_id, name) values (1038, 71, 'Brodsko-Posavska');
insert into l_state (id, country_id, name) values (1039, 71, 'Dubrovacko-Neretvanska');
insert into l_state (id, country_id, name) values (1040, 71, 'Istarska');
insert into l_state (id, country_id, name) values (1041, 71, 'Karlovacka');
insert into l_state (id, country_id, name) values (1042, 71, 'Koprivnicko-Krizevacka');
insert into l_state (id, country_id, name) values (1043, 71, 'Krapinsko-Zagorska');
insert into l_state (id, country_id, name) values (1044, 71, 'Licko-Senjska');
insert into l_state (id, country_id, name) values (1045, 71, 'Medimurska');
insert into l_state (id, country_id, name) values (1046, 71, 'Osjecko-Baranjska');
insert into l_state (id, country_id, name) values (1047, 71, 'Pozesko-Slavonska');
insert into l_state (id, country_id, name) values (1048, 71, 'Primorsko-Goranska');
insert into l_state (id, country_id, name) values (1049, 71, 'Sibensko-Kninska');
insert into l_state (id, country_id, name) values (1050, 71, 'Sisacko-Moslavacka');
insert into l_state (id, country_id, name) values (1051, 71, 'Splitsko-Dalmatinska');
insert into l_state (id, country_id, name) values (1052, 71, 'Varazdinska');
insert into l_state (id, country_id, name) values (1053, 71, 'Viroviticko-Podravska');
insert into l_state (id, country_id, name) values (1054, 71, 'Vukovarsko-Srijemska');
insert into l_state (id, country_id, name) values (1055, 71, 'Zadarska');
insert into l_state (id, country_id, name) values (1056, 71, 'Zagrebacka');
insert into l_state (id, country_id, name) values (1057, 71, 'Grad Zagreb');
insert into l_state (id, country_id, name) values (1059, 143, 'Gibraltar');
insert into l_state (id, country_id, name) values (1060, 20, 'Evros');
insert into l_state (id, country_id, name) values (1061, 20, 'Rodhopi');
insert into l_state (id, country_id, name) values (1062, 20, 'Xanthi');
insert into l_state (id, country_id, name) values (1063, 20, 'Drama');
insert into l_state (id, country_id, name) values (1064, 20, 'Serrai');
insert into l_state (id, country_id, name) values (1065, 20, 'Kilkis');
insert into l_state (id, country_id, name) values (1066, 20, 'Pella');
insert into l_state (id, country_id, name) values (1067, 20, 'Florina');
insert into l_state (id, country_id, name) values (1068, 20, 'Kastoria');
insert into l_state (id, country_id, name) values (1069, 20, 'Grevena');
insert into l_state (id, country_id, name) values (1070, 20, 'Kozani');
insert into l_state (id, country_id, name) values (1071, 20, 'Imathia');
insert into l_state (id, country_id, name) values (1072, 20, 'Thessaloniki');
insert into l_state (id, country_id, name) values (1073, 20, 'Kavala');
insert into l_state (id, country_id, name) values (1074, 20, 'Khalkidhiki');
insert into l_state (id, country_id, name) values (1075, 20, 'Pieria');
insert into l_state (id, country_id, name) values (1076, 20, 'Ioannina');
insert into l_state (id, country_id, name) values (1077, 20, 'Thesprotia');
insert into l_state (id, country_id, name) values (1078, 20, 'Preveza');
insert into l_state (id, country_id, name) values (1079, 20, 'Arta');
insert into l_state (id, country_id, name) values (1080, 20, 'Larisa');
insert into l_state (id, country_id, name) values (1081, 20, 'Trikala');
insert into l_state (id, country_id, name) values (1082, 20, 'Kardhitsa');
insert into l_state (id, country_id, name) values (1083, 20, 'Magnisia');
insert into l_state (id, country_id, name) values (1084, 20, 'Kerkira');
insert into l_state (id, country_id, name) values (1085, 20, 'Levkas');
insert into l_state (id, country_id, name) values (1086, 20, 'Kefallinia');
insert into l_state (id, country_id, name) values (1087, 20, 'Zakinthos');
insert into l_state (id, country_id, name) values (1088, 20, 'Fthiotis');
insert into l_state (id, country_id, name) values (1089, 20, 'Evritania');
insert into l_state (id, country_id, name) values (1090, 20, 'Aitolia kai Akarnania');
insert into l_state (id, country_id, name) values (1091, 20, 'Fokis');
insert into l_state (id, country_id, name) values (1092, 20, 'Voiotia');
insert into l_state (id, country_id, name) values (1093, 20, 'Evvoia');
insert into l_state (id, country_id, name) values (1094, 20, 'Attiki');
insert into l_state (id, country_id, name) values (1095, 20, 'Argolis');
insert into l_state (id, country_id, name) values (1096, 20, 'Korinthia');
insert into l_state (id, country_id, name) values (1097, 20, 'Akhaia');
insert into l_state (id, country_id, name) values (1098, 20, 'Ilia');
insert into l_state (id, country_id, name) values (1099, 20, 'Messinia');
insert into l_state (id, country_id, name) values (1100, 20, 'Arkadhia');
insert into l_state (id, country_id, name) values (1101, 20, 'Lakonia');
insert into l_state (id, country_id, name) values (1102, 20, 'Khania');
insert into l_state (id, country_id, name) values (1103, 20, 'Rethimni');
insert into l_state (id, country_id, name) values (1104, 20, 'Iraklion');
insert into l_state (id, country_id, name) values (1105, 20, 'Lasithi');
insert into l_state (id, country_id, name) values (1106, 20, 'Dhodhekanisos');
insert into l_state (id, country_id, name) values (1107, 20, 'Samos');
insert into l_state (id, country_id, name) values (1108, 20, 'Kikladhes');
insert into l_state (id, country_id, name) values (1109, 20, 'Khios');
insert into l_state (id, country_id, name) values (1110, 20, 'Lesvos');
insert into l_state (id, country_id, name) values (1112, 14, 'Bacs-Kiskun');
insert into l_state (id, country_id, name) values (1113, 14, 'Baranya');
insert into l_state (id, country_id, name) values (1114, 14, 'Bekes');
insert into l_state (id, country_id, name) values (1115, 14, 'Borsod-Abauj-Zemplen');
insert into l_state (id, country_id, name) values (1116, 14, 'Budapest');
insert into l_state (id, country_id, name) values (1117, 14, 'Csongrad');
insert into l_state (id, country_id, name) values (1118, 14, 'Debrecen');
insert into l_state (id, country_id, name) values (1119, 14, 'Fejer');
insert into l_state (id, country_id, name) values (1120, 14, 'Gyor-Moson-Sopron');
insert into l_state (id, country_id, name) values (1121, 14, 'Hajdu-Bihar');
insert into l_state (id, country_id, name) values (1122, 14, 'Heves');
insert into l_state (id, country_id, name) values (1123, 14, 'Komarom-Esztergom');
insert into l_state (id, country_id, name) values (1124, 14, 'Miskolc');
insert into l_state (id, country_id, name) values (1125, 14, 'Nograd');
insert into l_state (id, country_id, name) values (1126, 14, 'Pecs');
insert into l_state (id, country_id, name) values (1127, 14, 'Pest');
insert into l_state (id, country_id, name) values (1128, 14, 'Somogy');
insert into l_state (id, country_id, name) values (1129, 14, 'Szabolcs-Szatmar-Bereg');
insert into l_state (id, country_id, name) values (1130, 14, 'Szeged');
insert into l_state (id, country_id, name) values (1131, 14, 'Jasz-Nagykun-Szolnok');
insert into l_state (id, country_id, name) values (1132, 14, 'Tolna');
insert into l_state (id, country_id, name) values (1133, 14, 'Vas');
insert into l_state (id, country_id, name) values (1134, 14, 'Veszprem');
insert into l_state (id, country_id, name) values (1135, 14, 'Zala');
insert into l_state (id, country_id, name) values (1136, 14, 'Gyor');
insert into l_state (id, country_id, name) values (1150, 14, 'Veszprem');
insert into l_state (id, country_id, name) values (1152, 126, 'Balzers');
insert into l_state (id, country_id, name) values (1153, 126, 'Eschen');
insert into l_state (id, country_id, name) values (1154, 126, 'Gamprin');
insert into l_state (id, country_id, name) values (1155, 126, 'Mauren');
insert into l_state (id, country_id, name) values (1156, 126, 'Planken');
insert into l_state (id, country_id, name) values (1157, 126, 'Ruggell');
insert into l_state (id, country_id, name) values (1158, 126, 'Schaan');
insert into l_state (id, country_id, name) values (1159, 126, 'Schellenberg');
insert into l_state (id, country_id, name) values (1160, 126, 'Triesen');
insert into l_state (id, country_id, name) values (1161, 126, 'Triesenberg');
insert into l_state (id, country_id, name) values (1162, 126, 'Vaduz');
insert into l_state (id, country_id, name) values (1163, 41, 'Diekirch');
insert into l_state (id, country_id, name) values (1164, 41, 'Grevenmacher');
insert into l_state (id, country_id, name) values (1165, 41, 'Luxembourg');
insert into l_state (id, country_id, name) values (1167, 85, 'Aracinovo');
insert into l_state (id, country_id, name) values (1168, 85, 'Bac');
insert into l_state (id, country_id, name) values (1169, 85, 'Belcista');
insert into l_state (id, country_id, name) values (1170, 85, 'Berovo');
insert into l_state (id, country_id, name) values (1171, 85, 'Bistrica');
insert into l_state (id, country_id, name) values (1172, 85, 'Bitola');
insert into l_state (id, country_id, name) values (1173, 85, 'Blatec');
insert into l_state (id, country_id, name) values (1174, 85, 'Bogdanci');
insert into l_state (id, country_id, name) values (1175, 85, 'Bogomila');
insert into l_state (id, country_id, name) values (1176, 85, 'Bogovinje');
insert into l_state (id, country_id, name) values (1177, 85, 'Bosilovo');
insert into l_state (id, country_id, name) values (1179, 85, 'Cair');
insert into l_state (id, country_id, name) values (1180, 85, 'Capari');
insert into l_state (id, country_id, name) values (1181, 85, 'Caska');
insert into l_state (id, country_id, name) values (1182, 85, 'Cegrane');
insert into l_state (id, country_id, name) values (1184, 85, 'Centar Zupa');
insert into l_state (id, country_id, name) values (1187, 85, 'Debar');
insert into l_state (id, country_id, name) values (1188, 85, 'Delcevo');
insert into l_state (id, country_id, name) values (1190, 85, 'Demir Hisar');
insert into l_state (id, country_id, name) values (1191, 85, 'Demir Kapija');
insert into l_state (id, country_id, name) values (1195, 85, 'Dorce Petrov');
insert into l_state (id, country_id, name) values (1198, 85, 'Gazi Baba');
insert into l_state (id, country_id, name) values (1199, 85, 'Gevgelija');
insert into l_state (id, country_id, name) values (1200, 85, 'Gostivar');
insert into l_state (id, country_id, name) values (1201, 85, 'Gradsko');
insert into l_state (id, country_id, name) values (1204, 85, 'Jegunovce');
insert into l_state (id, country_id, name) values (1205, 85, 'Kamenjane');
insert into l_state (id, country_id, name) values (1207, 85, 'Karpos');
insert into l_state (id, country_id, name) values (1208, 85, 'Kavadarci');
insert into l_state (id, country_id, name) values (1209, 85, 'Kicevo');
insert into l_state (id, country_id, name) values (1210, 85, 'Kisela Voda');
insert into l_state (id, country_id, name) values (1211, 85, 'Klecevce');
insert into l_state (id, country_id, name) values (1212, 85, 'Kocani');
insert into l_state (id, country_id, name) values (1214, 85, 'Kondovo');
insert into l_state (id, country_id, name) values (1217, 85, 'Kratovo');
insert into l_state (id, country_id, name) values (1219, 85, 'Krivogastani');
insert into l_state (id, country_id, name) values (1220, 85, 'Krusevo');
insert into l_state (id, country_id, name) values (1223, 85, 'Kumanovo');
insert into l_state (id, country_id, name) values (1224, 85, 'Labunista');
insert into l_state (id, country_id, name) values (1225, 85, 'Lipkovo');
insert into l_state (id, country_id, name) values (1228, 85, 'Makedonska Kamenica');
insert into l_state (id, country_id, name) values (1229, 85, 'Makedonski Brod');
insert into l_state (id, country_id, name) values (1234, 85, 'Murtino');
insert into l_state (id, country_id, name) values (1235, 85, 'Negotino');
insert into l_state (id, country_id, name) values (1238, 85, 'Novo Selo');
insert into l_state (id, country_id, name) values (1240, 85, 'Ohrid');
insert into l_state (id, country_id, name) values (1242, 85, 'Orizari');
insert into l_state (id, country_id, name) values (1245, 85, 'Petrovec');
insert into l_state (id, country_id, name) values (1248, 85, 'Prilep');
insert into l_state (id, country_id, name) values (1249, 85, 'Probistip');
insert into l_state (id, country_id, name) values (1250, 85, 'Radovis');
insert into l_state (id, country_id, name) values (1252, 85, 'Resen');
insert into l_state (id, country_id, name) values (1253, 85, 'Rosoman');
insert into l_state (id, country_id, name) values (1256, 85, 'Saraj');
insert into l_state (id, country_id, name) values (1260, 85, 'Srbinovo');
insert into l_state (id, country_id, name) values (1262, 85, 'Star Dojran');
insert into l_state (id, country_id, name) values (1264, 85, 'Stip');
insert into l_state (id, country_id, name) values (1265, 85, 'Struga');
insert into l_state (id, country_id, name) values (1266, 85, 'Strumica');
insert into l_state (id, country_id, name) values (1267, 85, 'Studenicani');
insert into l_state (id, country_id, name) values (1268, 85, 'Suto Orizari');
insert into l_state (id, country_id, name) values (1269, 85, 'Sveti Nikole');
insert into l_state (id, country_id, name) values (1270, 85, 'Tearce');
insert into l_state (id, country_id, name) values (1271, 85, 'Tetovo');
insert into l_state (id, country_id, name) values (1273, 85, 'Valandovo');
insert into l_state (id, country_id, name) values (1275, 85, 'Veles');
insert into l_state (id, country_id, name) values (1277, 85, 'Vevcani');
insert into l_state (id, country_id, name) values (1278, 85, 'Vinica');
insert into l_state (id, country_id, name) values (1281, 85, 'Vrapciste');
insert into l_state (id, country_id, name) values (1286, 85, 'Zelino');
insert into l_state (id, country_id, name) values (1289, 85, 'Zrnovci');
insert into l_state (id, country_id, name) values (1291, 86, 'Malta');
insert into l_state (id, country_id, name) values (1292, 44, 'La Condamine');
insert into l_state (id, country_id, name) values (1293, 44, 'Monaco');
insert into l_state (id, country_id, name) values (1294, 44, 'Monte-Carlo');
insert into l_state (id, country_id, name) values (1295, 47, 'Biala Podlaska');
insert into l_state (id, country_id, name) values (1296, 47, 'Bialystok');
insert into l_state (id, country_id, name) values (1297, 47, 'Bielsko');
insert into l_state (id, country_id, name) values (1298, 47, 'Bydgoszcz');
insert into l_state (id, country_id, name) values (1299, 47, 'Chelm');
insert into l_state (id, country_id, name) values (1300, 47, 'Ciechanow');
insert into l_state (id, country_id, name) values (1301, 47, 'Czestochowa');
insert into l_state (id, country_id, name) values (1302, 47, 'Elblag');
insert into l_state (id, country_id, name) values (1303, 47, 'Gdansk');
insert into l_state (id, country_id, name) values (1304, 47, 'Gorzow');
insert into l_state (id, country_id, name) values (1305, 47, 'Jelenia Gora');
insert into l_state (id, country_id, name) values (1306, 47, 'Kalisz');
insert into l_state (id, country_id, name) values (1307, 47, 'Katowice');
insert into l_state (id, country_id, name) values (1308, 47, 'Kielce');
insert into l_state (id, country_id, name) values (1309, 47, 'Konin');
insert into l_state (id, country_id, name) values (1310, 47, 'Koszalin');
insert into l_state (id, country_id, name) values (1311, 47, 'Krakow');
insert into l_state (id, country_id, name) values (1312, 47, 'Krosno');
insert into l_state (id, country_id, name) values (1313, 47, 'Legnica');
insert into l_state (id, country_id, name) values (1314, 47, 'Leszno');
insert into l_state (id, country_id, name) values (1315, 47, 'Lodz');
insert into l_state (id, country_id, name) values (1316, 47, 'Lomza');
insert into l_state (id, country_id, name) values (1317, 47, 'Lublin');
insert into l_state (id, country_id, name) values (1318, 47, 'Nowy Sacz');
insert into l_state (id, country_id, name) values (1319, 47, 'Olsztyn');
insert into l_state (id, country_id, name) values (1320, 47, 'Opole');
insert into l_state (id, country_id, name) values (1321, 47, 'Ostroleka');
insert into l_state (id, country_id, name) values (1322, 47, 'Pila');
insert into l_state (id, country_id, name) values (1323, 47, 'Piotrkow');
insert into l_state (id, country_id, name) values (1324, 47, 'Plock');
insert into l_state (id, country_id, name) values (1325, 47, 'Poznan');
insert into l_state (id, country_id, name) values (1326, 47, 'Przemysl');
insert into l_state (id, country_id, name) values (1327, 47, 'Radom');
insert into l_state (id, country_id, name) values (1328, 47, 'Rzeszow');
insert into l_state (id, country_id, name) values (1329, 47, 'Siedlce');
insert into l_state (id, country_id, name) values (1330, 47, 'Sieradz');
insert into l_state (id, country_id, name) values (1331, 47, 'Skierniewice');
insert into l_state (id, country_id, name) values (1332, 47, 'Slupsk');
insert into l_state (id, country_id, name) values (1333, 47, 'Suwalki');
insert into l_state (id, country_id, name) values (1335, 47, 'Tarnobrzeg');
insert into l_state (id, country_id, name) values (1336, 47, 'Tarnow');
insert into l_state (id, country_id, name) values (1337, 47, 'Torun');
insert into l_state (id, country_id, name) values (1338, 47, 'Walbrzych');
insert into l_state (id, country_id, name) values (1339, 47, 'Warszawa');
insert into l_state (id, country_id, name) values (1340, 47, 'Wloclawek');
insert into l_state (id, country_id, name) values (1341, 47, 'Wroclaw');
insert into l_state (id, country_id, name) values (1342, 47, 'Zamosc');
insert into l_state (id, country_id, name) values (1343, 47, 'Zielona Gora');
insert into l_state (id, country_id, name) values (1344, 47, 'Dolnoslaskie');
insert into l_state (id, country_id, name) values (1345, 47, 'Kujawsko-Pomorskie');
insert into l_state (id, country_id, name) values (1346, 47, 'Lodzkie');
insert into l_state (id, country_id, name) values (1347, 47, 'Lubelskie');
insert into l_state (id, country_id, name) values (1348, 47, 'Lubuskie');
insert into l_state (id, country_id, name) values (1349, 47, 'Malopolskie');
insert into l_state (id, country_id, name) values (1350, 47, 'Mazowieckie');
insert into l_state (id, country_id, name) values (1351, 47, 'Opolskie');
insert into l_state (id, country_id, name) values (1352, 47, 'Podkarpackie');
insert into l_state (id, country_id, name) values (1353, 47, 'Podlaskie');
insert into l_state (id, country_id, name) values (1354, 47, 'Pomorskie');
insert into l_state (id, country_id, name) values (1355, 47, 'Slaskie');
insert into l_state (id, country_id, name) values (1356, 47, 'Swietokrzyskie');
insert into l_state (id, country_id, name) values (1357, 47, 'Warminsko-Mazurskie');
insert into l_state (id, country_id, name) values (1358, 47, 'Wielkopolskie');
insert into l_state (id, country_id, name) values (1359, 47, 'Zachodniopomorskie');
insert into l_state (id, country_id, name) values (1361, 72, 'Alba');
insert into l_state (id, country_id, name) values (1362, 72, 'Arad');
insert into l_state (id, country_id, name) values (1363, 72, 'Arges');
insert into l_state (id, country_id, name) values (1364, 72, 'Bacau');
insert into l_state (id, country_id, name) values (1365, 72, 'Bihor');
insert into l_state (id, country_id, name) values (1366, 72, 'Bistrita-Nasaud');
insert into l_state (id, country_id, name) values (1367, 72, 'Botosani');
insert into l_state (id, country_id, name) values (1368, 72, 'Braila');
insert into l_state (id, country_id, name) values (1369, 72, 'Brasov');
insert into l_state (id, country_id, name) values (1370, 72, 'Bucuresti');
insert into l_state (id, country_id, name) values (1371, 72, 'Buzau');
insert into l_state (id, country_id, name) values (1372, 72, 'Caras-Severin');
insert into l_state (id, country_id, name) values (1373, 72, 'Cluj');
insert into l_state (id, country_id, name) values (1374, 72, 'Constanta');
insert into l_state (id, country_id, name) values (1375, 72, 'Covasna');
insert into l_state (id, country_id, name) values (1376, 72, 'Dambovita');
insert into l_state (id, country_id, name) values (1377, 72, 'Dolj');
insert into l_state (id, country_id, name) values (1378, 72, 'Galati');
insert into l_state (id, country_id, name) values (1379, 72, 'Gorj');
insert into l_state (id, country_id, name) values (1380, 72, 'Harghita');
insert into l_state (id, country_id, name) values (1381, 72, 'Hunedoara');
insert into l_state (id, country_id, name) values (1382, 72, 'Ialomita');
insert into l_state (id, country_id, name) values (1383, 72, 'Iasi');
insert into l_state (id, country_id, name) values (1384, 72, 'Maramures');
insert into l_state (id, country_id, name) values (1385, 72, 'Mehedinti');
insert into l_state (id, country_id, name) values (1386, 72, 'Mures');
insert into l_state (id, country_id, name) values (1387, 72, 'Neamt');
insert into l_state (id, country_id, name) values (1388, 72, 'Olt');
insert into l_state (id, country_id, name) values (1389, 72, 'Prahova');
insert into l_state (id, country_id, name) values (1390, 72, 'Salaj');
insert into l_state (id, country_id, name) values (1391, 72, 'Satu Mare');
insert into l_state (id, country_id, name) values (1392, 72, 'Sibiu');
insert into l_state (id, country_id, name) values (1393, 72, 'Suceava');
insert into l_state (id, country_id, name) values (1394, 72, 'Teleorman');
insert into l_state (id, country_id, name) values (1395, 72, 'Timis');
insert into l_state (id, country_id, name) values (1396, 72, 'Tulcea');
insert into l_state (id, country_id, name) values (1397, 72, 'Vaslui');
insert into l_state (id, country_id, name) values (1398, 72, 'Valcea');
insert into l_state (id, country_id, name) values (1399, 72, 'Vrancea');
insert into l_state (id, country_id, name) values (1400, 72, 'Calarasi');
insert into l_state (id, country_id, name) values (1401, 72, 'Giurgiu');
insert into l_state (id, country_id, name) values (1404, 224, 'Acquaviva');
insert into l_state (id, country_id, name) values (1405, 224, 'Chiesanuova');
insert into l_state (id, country_id, name) values (1406, 224, 'Domagnano');
insert into l_state (id, country_id, name) values (1407, 224, 'Faetano');
insert into l_state (id, country_id, name) values (1408, 224, 'Fiorentino');
insert into l_state (id, country_id, name) values (1409, 224, 'Borgo Maggiore');
insert into l_state (id, country_id, name) values (1410, 224, 'San Marino');
insert into l_state (id, country_id, name) values (1411, 224, 'Monte Giardino');
insert into l_state (id, country_id, name) values (1412, 224, 'Serravalle');
insert into l_state (id, country_id, name) values (1413, 52, 'Banska Bystrica');
insert into l_state (id, country_id, name) values (1414, 52, 'Bratislava');
insert into l_state (id, country_id, name) values (1415, 52, 'Kosice');
insert into l_state (id, country_id, name) values (1416, 52, 'Nitra');
insert into l_state (id, country_id, name) values (1417, 52, 'Presov');
insert into l_state (id, country_id, name) values (1418, 52, 'Trencin');
insert into l_state (id, country_id, name) values (1419, 52, 'Trnava');
insert into l_state (id, country_id, name) values (1420, 52, 'Zilina');
insert into l_state (id, country_id, name) values (1423, 53, 'Beltinci');
insert into l_state (id, country_id, name) values (1425, 53, 'Bohinj');
insert into l_state (id, country_id, name) values (1426, 53, 'Borovnica');
insert into l_state (id, country_id, name) values (1427, 53, 'Bovec');
insert into l_state (id, country_id, name) values (1428, 53, 'Brda');
insert into l_state (id, country_id, name) values (1429, 53, 'Brezice');
insert into l_state (id, country_id, name) values (1430, 53, 'Brezovica');
insert into l_state (id, country_id, name) values (1432, 53, 'Cerklje na Gorenjskem');
insert into l_state (id, country_id, name) values (1434, 53, 'Cerkno');
insert into l_state (id, country_id, name) values (1436, 53, 'Crna na Koroskem');
insert into l_state (id, country_id, name) values (1437, 53, 'Crnomelj');
insert into l_state (id, country_id, name) values (1438, 53, 'Divaca');
insert into l_state (id, country_id, name) values (1439, 53, 'Dobrepolje');
insert into l_state (id, country_id, name) values (1440, 53, 'Dol pri Ljubljani');
insert into l_state (id, country_id, name) values (1443, 53, 'Duplek');
insert into l_state (id, country_id, name) values (1447, 53, 'Gornji Grad');
insert into l_state (id, country_id, name) values (1450, 53, 'Hrastnik');
insert into l_state (id, country_id, name) values (1451, 53, 'Hrpelje-Kozina');
insert into l_state (id, country_id, name) values (1452, 53, 'Idrija');
insert into l_state (id, country_id, name) values (1453, 53, 'Ig');
insert into l_state (id, country_id, name) values (1454, 53, 'Ilirska Bistrica');
insert into l_state (id, country_id, name) values (1455, 53, 'Ivancna Gorica');
insert into l_state (id, country_id, name) values (1462, 53, 'Komen');
insert into l_state (id, country_id, name) values (1463, 53, 'Koper-Capodistria');
insert into l_state (id, country_id, name) values (1464, 53, 'Kozje');
insert into l_state (id, country_id, name) values (1465, 53, 'Kranj');
insert into l_state (id, country_id, name) values (1466, 53, 'Kranjska Gora');
insert into l_state (id, country_id, name) values (1467, 53, 'Krsko');
insert into l_state (id, country_id, name) values (1469, 53, 'Lasko');
insert into l_state (id, country_id, name) values (1470, 53, 'Ljubljana');
insert into l_state (id, country_id, name) values (1471, 53, 'Ljubno');
insert into l_state (id, country_id, name) values (1472, 53, 'Logatec');
insert into l_state (id, country_id, name) values (1475, 53, 'Medvode');
insert into l_state (id, country_id, name) values (1476, 53, 'Menges');
insert into l_state (id, country_id, name) values (1478, 53, 'Mezica');
insert into l_state (id, country_id, name) values (1480, 53, 'Moravce');
insert into l_state (id, country_id, name) values (1482, 53, 'Mozirje');
insert into l_state (id, country_id, name) values (1483, 53, 'Murska Sobota');
insert into l_state (id, country_id, name) values (1487, 53, 'Nova Gorica');
insert into l_state (id, country_id, name) values (1489, 53, 'Ormoz');
insert into l_state (id, country_id, name) values (1491, 53, 'Pesnica');
insert into l_state (id, country_id, name) values (1494, 53, 'Postojna');
insert into l_state (id, country_id, name) values (1497, 53, 'Radece');
insert into l_state (id, country_id, name) values (1498, 53, 'Radenci');
insert into l_state (id, country_id, name) values (1500, 53, 'Radovljica');
insert into l_state (id, country_id, name) values (1502, 53, 'Rogaska Slatina');
insert into l_state (id, country_id, name) values (1505, 53, 'Sencur');
insert into l_state (id, country_id, name) values (1506, 53, 'Sentilj');
insert into l_state (id, country_id, name) values (1508, 53, 'Sevnica');
insert into l_state (id, country_id, name) values (1509, 53, 'Sezana');
insert into l_state (id, country_id, name) values (1511, 53, 'Skofja Loka');
insert into l_state (id, country_id, name) values (1513, 53, 'Slovenj Gradec');
insert into l_state (id, country_id, name) values (1514, 53, 'Slovenske Konjice');
insert into l_state (id, country_id, name) values (1515, 53, 'Smarje pri Jelsah');
insert into l_state (id, country_id, name) values (1521, 53, 'Tolmin');
insert into l_state (id, country_id, name) values (1522, 53, 'Trbovlje');
insert into l_state (id, country_id, name) values (1524, 53, 'Trzic');
insert into l_state (id, country_id, name) values (1526, 53, 'Velenje');
insert into l_state (id, country_id, name) values (1528, 53, 'Vipava');
insert into l_state (id, country_id, name) values (1531, 53, 'Vrhnika');
insert into l_state (id, country_id, name) values (1532, 53, 'Vuzenica');
insert into l_state (id, country_id, name) values (1533, 53, 'Zagorje ob Savi');
insert into l_state (id, country_id, name) values (1535, 53, 'Zelezniki');
insert into l_state (id, country_id, name) values (1536, 53, 'Ziri');
insert into l_state (id, country_id, name) values (1537, 53, 'Zrece');
insert into l_state (id, country_id, name) values (1539, 53, 'Domzale');
insert into l_state (id, country_id, name) values (1540, 53, 'Jesenice');
insert into l_state (id, country_id, name) values (1541, 53, 'Kamnik');
insert into l_state (id, country_id, name) values (1542, 53, 'Kocevje');
insert into l_state (id, country_id, name) values (1544, 53, 'Lenart');
insert into l_state (id, country_id, name) values (1545, 53, 'Litija');
insert into l_state (id, country_id, name) values (1546, 53, 'Ljutomer');
insert into l_state (id, country_id, name) values (1550, 53, 'Maribor');
insert into l_state (id, country_id, name) values (1552, 53, 'Novo Mesto');
insert into l_state (id, country_id, name) values (1553, 53, 'Piran');
insert into l_state (id, country_id, name) values (1554, 53, 'Preddvor');
insert into l_state (id, country_id, name) values (1555, 53, 'Ptuj');
insert into l_state (id, country_id, name) values (1556, 53, 'Ribnica');
insert into l_state (id, country_id, name) values (1558, 53, 'Sentjur pri Celju');
insert into l_state (id, country_id, name) values (1559, 53, 'Slovenska Bistrica');
insert into l_state (id, country_id, name) values (1560, 53, 'Videm');
insert into l_state (id, country_id, name) values (1562, 53, 'Zalec');
insert into l_state (id, country_id, name) values (1564, 109, 'Seychelles');
insert into l_state (id, country_id, name) values (1565, 108, 'Mauritania');
insert into l_state (id, country_id, name) values (1566, 135, 'Senegal');
insert into l_state (id, country_id, name) values (1567, 154, 'Road Town');
insert into l_state (id, country_id, name) values (1568, 165, 'Congo');
insert into l_state (id, country_id, name) values (1569, 166, 'Avarua');
insert into l_state (id, country_id, name) values (1570, 172, 'Malabo');
insert into l_state (id, country_id, name) values (1571, 175, 'Torshavn');
insert into l_state (id, country_id, name) values (1572, 178, 'Papeete');
insert into l_state (id, country_id, name) values (1573, 184, 'St George&#039;s');
insert into l_state (id, country_id, name) values (1574, 186, 'St Peter Port');
insert into l_state (id, country_id, name) values (1575, 188, 'Bissau');
insert into l_state (id, country_id, name) values (1576, 193, 'Saint Helier');
insert into l_state (id, country_id, name) values (1577, 201, 'Fort-de-France');
insert into l_state (id, country_id, name) values (1578, 207, 'Willemstad');
insert into l_state (id, country_id, name) values (1579, 208, 'Noumea');
insert into l_state (id, country_id, name) values (1580, 212, 'Kingston');
insert into l_state (id, country_id, name) values (1581, 215, 'Adamstown');
insert into l_state (id, country_id, name) values (1582, 216, 'Doha');
insert into l_state (id, country_id, name) values (1583, 218, 'Jamestown');
insert into l_state (id, country_id, name) values (1584, 219, 'Basseterre');
insert into l_state (id, country_id, name) values (1585, 220, 'Castries');
insert into l_state (id, country_id, name) values (1586, 221, 'Saint Pierre');
insert into l_state (id, country_id, name) values (1587, 222, 'Kingstown');
insert into l_state (id, country_id, name) values (1588, 225, 'San Tome');
insert into l_state (id, country_id, name) values (1589, 226, 'Belgrade');
insert into l_state (id, country_id, name) values (1590, 227, 'Freetown');
insert into l_state (id, country_id, name) values (1591, 229, 'Mogadishu');
insert into l_state (id, country_id, name) values (1592, 235, 'Fakaofo');
insert into l_state (id, country_id, name) values (1593, 237, 'Port of Spain');
insert into l_state (id, country_id, name) values (1594, 241, 'Mata-Utu');
insert into l_state (id, country_id, name) values (1596, 89, 'Amazonas');
insert into l_state (id, country_id, name) values (1597, 89, 'Ancash');
insert into l_state (id, country_id, name) values (1598, 89, 'Apurímac');
insert into l_state (id, country_id, name) values (1599, 89, 'Arequipa');
insert into l_state (id, country_id, name) values (1600, 89, 'Ayacucho');
insert into l_state (id, country_id, name) values (1601, 89, 'Cajamarca');
insert into l_state (id, country_id, name) values (1602, 89, 'Callao');
insert into l_state (id, country_id, name) values (1603, 89, 'Cusco');
insert into l_state (id, country_id, name) values (1604, 89, 'Huancavelica');
insert into l_state (id, country_id, name) values (1605, 89, 'Huánuco');
insert into l_state (id, country_id, name) values (1606, 89, 'Ica');
insert into l_state (id, country_id, name) values (1607, 89, 'Junín');
insert into l_state (id, country_id, name) values (1608, 89, 'La Libertad');
insert into l_state (id, country_id, name) values (1609, 89, 'Lambayeque');
insert into l_state (id, country_id, name) values (1610, 89, 'Lima');
insert into l_state (id, country_id, name) values (1611, 89, 'Loreto');
insert into l_state (id, country_id, name) values (1612, 89, 'Madre de Dios');
insert into l_state (id, country_id, name) values (1613, 89, 'Moquegua');
insert into l_state (id, country_id, name) values (1614, 89, 'Pasco');
insert into l_state (id, country_id, name) values (1615, 89, 'Piura');
insert into l_state (id, country_id, name) values (1616, 89, 'Puno');
insert into l_state (id, country_id, name) values (1617, 89, 'San Martín');
insert into l_state (id, country_id, name) values (1618, 89, 'Tacna');
insert into l_state (id, country_id, name) values (1619, 89, 'Tumbes');
insert into l_state (id, country_id, name) values (1620, 89, 'Ucayali');
insert into l_state (id, country_id, name) values (1622, 110, 'Alto Paraná');
insert into l_state (id, country_id, name) values (1623, 110, 'Amambay');
insert into l_state (id, country_id, name) values (1624, 110, 'Boquerón');
insert into l_state (id, country_id, name) values (1625, 110, 'Caaguaz&uacute;');
insert into l_state (id, country_id, name) values (1626, 110, 'Caazapá');
insert into l_state (id, country_id, name) values (1627, 110, 'Central');
insert into l_state (id, country_id, name) values (1628, 110, 'Concepción');
insert into l_state (id, country_id, name) values (1629, 110, 'Cordillera');
insert into l_state (id, country_id, name) values (1630, 110, 'Guairá');
insert into l_state (id, country_id, name) values (1631, 110, 'Itap&uacute;a');
insert into l_state (id, country_id, name) values (1632, 110, 'Misiones');
insert into l_state (id, country_id, name) values (1633, 110, 'Neembuc&uacute;');
insert into l_state (id, country_id, name) values (1634, 110, 'Paraguarí');
insert into l_state (id, country_id, name) values (1635, 110, 'Presidente Hayes');
insert into l_state (id, country_id, name) values (1636, 110, 'San Pedro');
insert into l_state (id, country_id, name) values (1637, 110, 'Alto Paraguay');
insert into l_state (id, country_id, name) values (1638, 110, 'Canindey&uacute;');
insert into l_state (id, country_id, name) values (1639, 110, 'Chaco');
insert into l_state (id, country_id, name) values (1642, 111, 'Artigas');
insert into l_state (id, country_id, name) values (1643, 111, 'Canelones');
insert into l_state (id, country_id, name) values (1644, 111, 'Cerro Largo');
insert into l_state (id, country_id, name) values (1645, 111, 'Colonia');
insert into l_state (id, country_id, name) values (1646, 111, 'Durazno');
insert into l_state (id, country_id, name) values (1647, 111, 'Flores');
insert into l_state (id, country_id, name) values (1648, 111, 'Florida');
insert into l_state (id, country_id, name) values (1649, 111, 'Lavalleja');
insert into l_state (id, country_id, name) values (1650, 111, 'Maldonado');
insert into l_state (id, country_id, name) values (1651, 111, 'Montevideo');
insert into l_state (id, country_id, name) values (1652, 111, 'Paysand&uacute;');
insert into l_state (id, country_id, name) values (1653, 111, 'Río Negro');
insert into l_state (id, country_id, name) values (1654, 111, 'Rivera');
insert into l_state (id, country_id, name) values (1655, 111, 'Rocha');
insert into l_state (id, country_id, name) values (1656, 111, 'Salto');
insert into l_state (id, country_id, name) values (1657, 111, 'San José');
insert into l_state (id, country_id, name) values (1658, 111, 'Soriano');
insert into l_state (id, country_id, name) values (1659, 111, 'Tacuarembó');
insert into l_state (id, country_id, name) values (1660, 111, 'Treinta y Tres');
insert into l_state (id, country_id, name) values (1662, 81, 'Región de Tarapacá');
insert into l_state (id, country_id, name) values (1663, 81, 'Región de Antofagasta');
insert into l_state (id, country_id, name) values (1664, 81, 'Región de Atacama');
insert into l_state (id, country_id, name) values (1665, 81, 'Región de Coquimbo');
insert into l_state (id, country_id, name) values (1666, 81, 'Región de Valparaíso');
insert into l_state (id, country_id, name) values (1667, 81, 'Región del Libertador General Bernardo O&#039;Higgins');
insert into l_state (id, country_id, name) values (1668, 81, 'Región del Maule');
insert into l_state (id, country_id, name) values (1669, 81, 'Región del Bío Bío');
insert into l_state (id, country_id, name) values (1670, 81, 'Región de La Araucanía');
insert into l_state (id, country_id, name) values (1671, 81, 'Región de Los Lagos');
insert into l_state (id, country_id, name) values (1672, 81, 'Región Aisén del General Carlos Ibáñez del Campo');
insert into l_state (id, country_id, name) values (1673, 81, 'Región de Magallanes y de la Antártica Chilena');
insert into l_state (id, country_id, name) values (1674, 81, 'Región Metropolitana de Santiago');
insert into l_state (id, country_id, name) values (1676, 185, 'Alta Verapaz');
insert into l_state (id, country_id, name) values (1677, 185, 'Baja Verapaz');
insert into l_state (id, country_id, name) values (1678, 185, 'Chimaltenango');
insert into l_state (id, country_id, name) values (1679, 185, 'Chiquimula');
insert into l_state (id, country_id, name) values (1680, 185, 'El Progreso');
insert into l_state (id, country_id, name) values (1681, 185, 'Escuintla');
insert into l_state (id, country_id, name) values (1682, 185, 'Guatemala');
insert into l_state (id, country_id, name) values (1683, 185, 'Huehuetenango');
insert into l_state (id, country_id, name) values (1684, 185, 'Izabal');
insert into l_state (id, country_id, name) values (1685, 185, 'Jalapa');
insert into l_state (id, country_id, name) values (1686, 185, 'Jutiapa');
insert into l_state (id, country_id, name) values (1687, 185, 'Petén');
insert into l_state (id, country_id, name) values (1688, 185, 'Quetzaltenango');
insert into l_state (id, country_id, name) values (1689, 185, 'Quiché');
insert into l_state (id, country_id, name) values (1690, 185, 'Retalhuleu');
insert into l_state (id, country_id, name) values (1691, 185, 'Sacatepéquez');
insert into l_state (id, country_id, name) values (1692, 185, 'San Marcos');
insert into l_state (id, country_id, name) values (1693, 185, 'Santa Rosa');
insert into l_state (id, country_id, name) values (1694, 185, 'Sololá');
insert into l_state (id, country_id, name) values (1695, 185, 'Suchitepequez');
insert into l_state (id, country_id, name) values (1696, 185, 'Totonicapán');
insert into l_state (id, country_id, name) values (1697, 185, 'Zacapa');
insert into l_state (id, country_id, name) values (1699, 82, 'Amazonas');
insert into l_state (id, country_id, name) values (1700, 82, 'Antioquia');
insert into l_state (id, country_id, name) values (1701, 82, 'Arauca');
insert into l_state (id, country_id, name) values (1702, 82, 'Atlántico');
insert into l_state (id, country_id, name) values (1703, 82, 'Caquetá');
insert into l_state (id, country_id, name) values (1704, 82, 'Cauca');
insert into l_state (id, country_id, name) values (1705, 82, 'César');
insert into l_state (id, country_id, name) values (1706, 82, 'Chocó');
insert into l_state (id, country_id, name) values (1707, 82, 'Córdoba');
insert into l_state (id, country_id, name) values (1708, 82, 'Guaviare');
insert into l_state (id, country_id, name) values (1709, 82, 'Guainía');
insert into l_state (id, country_id, name) values (1710, 82, 'Huila');
insert into l_state (id, country_id, name) values (1711, 82, 'La Guajira');
insert into l_state (id, country_id, name) values (1712, 82, 'Meta');
insert into l_state (id, country_id, name) values (1713, 82, 'Narino');
insert into l_state (id, country_id, name) values (1714, 82, 'Norte de Santander');
insert into l_state (id, country_id, name) values (1715, 82, 'Putumayo');
insert into l_state (id, country_id, name) values (1716, 82, 'Quindío');
insert into l_state (id, country_id, name) values (1717, 82, 'Risaralda');
insert into l_state (id, country_id, name) values (1718, 82, 'San Andrés y Providencia');
insert into l_state (id, country_id, name) values (1719, 82, 'Santander');
insert into l_state (id, country_id, name) values (1720, 82, 'Sucre');
insert into l_state (id, country_id, name) values (1721, 82, 'Tolima');
insert into l_state (id, country_id, name) values (1722, 82, 'Valle del Cauca');
insert into l_state (id, country_id, name) values (1723, 82, 'Vaupés');
insert into l_state (id, country_id, name) values (1724, 82, 'Vichada');
insert into l_state (id, country_id, name) values (1725, 82, 'Casanare');
insert into l_state (id, country_id, name) values (1726, 82, 'Cundinamarca');
insert into l_state (id, country_id, name) values (1727, 82, 'Distrito Especial');
insert into l_state (id, country_id, name) values (1730, 82, 'Caldas');
insert into l_state (id, country_id, name) values (1731, 82, 'Magdalena');
insert into l_state (id, country_id, name) values (1733, 42, 'Aguascalientes');
insert into l_state (id, country_id, name) values (1734, 42, 'Baja California');
insert into l_state (id, country_id, name) values (1735, 42, 'Baja California Sur');
insert into l_state (id, country_id, name) values (1736, 42, 'Campeche');
insert into l_state (id, country_id, name) values (1737, 42, 'Chiapas');
insert into l_state (id, country_id, name) values (1738, 42, 'Chihuahua');
insert into l_state (id, country_id, name) values (1739, 42, 'Coahuila de Zaragoza');
insert into l_state (id, country_id, name) values (1740, 42, 'Colima');
insert into l_state (id, country_id, name) values (1741, 42, 'Distrito Federal');
insert into l_state (id, country_id, name) values (1742, 42, 'Durango');
insert into l_state (id, country_id, name) values (1743, 42, 'Guanajuato');
insert into l_state (id, country_id, name) values (1744, 42, 'Guerrero');
insert into l_state (id, country_id, name) values (1745, 42, 'Hidalgo');
insert into l_state (id, country_id, name) values (1746, 42, 'Jalisco');
insert into l_state (id, country_id, name) values (1747, 42, 'México');
insert into l_state (id, country_id, name) values (1748, 42, 'Michoacán de Ocampo');
insert into l_state (id, country_id, name) values (1749, 42, 'Morelos');
insert into l_state (id, country_id, name) values (1750, 42, 'Nayarit');
insert into l_state (id, country_id, name) values (1751, 42, 'Nuevo León');
insert into l_state (id, country_id, name) values (1752, 42, 'Oaxaca');
insert into l_state (id, country_id, name) values (1753, 42, 'Puebla');
insert into l_state (id, country_id, name) values (1754, 42, 'Querétaro de Arteaga');
insert into l_state (id, country_id, name) values (1755, 42, 'Quintana Roo');
insert into l_state (id, country_id, name) values (1756, 42, 'San Luis Potosí');
insert into l_state (id, country_id, name) values (1757, 42, 'Sinaloa');
insert into l_state (id, country_id, name) values (1758, 42, 'Sonora');
insert into l_state (id, country_id, name) values (1759, 42, 'Tabasco');
insert into l_state (id, country_id, name) values (1760, 42, 'Tamaulipas');
insert into l_state (id, country_id, name) values (1761, 42, 'Tlaxcala');
insert into l_state (id, country_id, name) values (1762, 42, 'Veracruz-Llave');
insert into l_state (id, country_id, name) values (1763, 42, 'Yucatán');
insert into l_state (id, country_id, name) values (1764, 42, 'Zacatecas');
insert into l_state (id, country_id, name) values (1766, 124, 'Bocas del Toro');
insert into l_state (id, country_id, name) values (1767, 124, 'Chiriquí');
insert into l_state (id, country_id, name) values (1768, 124, 'Coclé');
insert into l_state (id, country_id, name) values (1769, 124, 'Colón');
insert into l_state (id, country_id, name) values (1770, 124, 'Darién');
insert into l_state (id, country_id, name) values (1771, 124, 'Herrera');
insert into l_state (id, country_id, name) values (1772, 124, 'Los Santos');
insert into l_state (id, country_id, name) values (1773, 124, 'Panamá');
insert into l_state (id, country_id, name) values (1774, 124, 'San Blas');
insert into l_state (id, country_id, name) values (1775, 124, 'Veraguas');
insert into l_state (id, country_id, name) values (1777, 123, 'Chuquisaca');
insert into l_state (id, country_id, name) values (1778, 123, 'Cochabamba');
insert into l_state (id, country_id, name) values (1779, 123, 'El Beni');
insert into l_state (id, country_id, name) values (1780, 123, 'La Paz');
insert into l_state (id, country_id, name) values (1781, 123, 'Oruro');
insert into l_state (id, country_id, name) values (1782, 123, 'Pando');
insert into l_state (id, country_id, name) values (1783, 123, 'Potosí');
insert into l_state (id, country_id, name) values (1784, 123, 'Santa Cruz');
insert into l_state (id, country_id, name) values (1785, 123, 'Tarija');
insert into l_state (id, country_id, name) values (1787, 36, 'Alajuela');
insert into l_state (id, country_id, name) values (1788, 36, 'Cartago');
insert into l_state (id, country_id, name) values (1789, 36, 'Guanacaste');
insert into l_state (id, country_id, name) values (1790, 36, 'Heredia');
insert into l_state (id, country_id, name) values (1791, 36, 'Limón');
insert into l_state (id, country_id, name) values (1792, 36, 'Puntarenas');
insert into l_state (id, country_id, name) values (1793, 36, 'San José');
insert into l_state (id, country_id, name) values (1795, 103, 'Galápagos');
insert into l_state (id, country_id, name) values (1796, 103, 'Azuay');
insert into l_state (id, country_id, name) values (1797, 103, 'Bolívar');
insert into l_state (id, country_id, name) values (1798, 103, 'Canar');
insert into l_state (id, country_id, name) values (1799, 103, 'Carchi');
insert into l_state (id, country_id, name) values (1800, 103, 'Chimborazo');
insert into l_state (id, country_id, name) values (1801, 103, 'Cotopaxi');
insert into l_state (id, country_id, name) values (1802, 103, 'El Oro');
insert into l_state (id, country_id, name) values (1803, 103, 'Esmeraldas');
insert into l_state (id, country_id, name) values (1804, 103, 'Guayas');
insert into l_state (id, country_id, name) values (1805, 103, 'Imbabura');
insert into l_state (id, country_id, name) values (1806, 103, 'Loja');
insert into l_state (id, country_id, name) values (1807, 103, 'Los Ríos');
insert into l_state (id, country_id, name) values (1808, 103, 'Manabí');
insert into l_state (id, country_id, name) values (1809, 103, 'Morona-Santiago');
insert into l_state (id, country_id, name) values (1810, 103, 'Pastaza');
insert into l_state (id, country_id, name) values (1811, 103, 'Pichincha');
insert into l_state (id, country_id, name) values (1812, 103, 'Tungurahua');
insert into l_state (id, country_id, name) values (1813, 103, 'Zamora-Chinchipe');
insert into l_state (id, country_id, name) values (1814, 103, 'Sucumbíos');
insert into l_state (id, country_id, name) values (1815, 103, 'Napo');
insert into l_state (id, country_id, name) values (1816, 103, 'Orellana');
insert into l_state (id, country_id, name) values (1818, 5, 'Buenos Aires');
insert into l_state (id, country_id, name) values (1819, 5, 'Catamarca');
insert into l_state (id, country_id, name) values (1820, 5, 'Chaco');
insert into l_state (id, country_id, name) values (1821, 5, 'Chubut');
insert into l_state (id, country_id, name) values (1822, 5, 'Córdoba');
insert into l_state (id, country_id, name) values (1823, 5, 'Corrientes');
insert into l_state (id, country_id, name) values (1824, 5, 'Distrito Federal');
insert into l_state (id, country_id, name) values (1825, 5, 'Entre Ríos');
insert into l_state (id, country_id, name) values (1826, 5, 'Formosa');
insert into l_state (id, country_id, name) values (1827, 5, 'Jujuy');
insert into l_state (id, country_id, name) values (1828, 5, 'La Pampa');
insert into l_state (id, country_id, name) values (1829, 5, 'La Rioja');
insert into l_state (id, country_id, name) values (1830, 5, 'Mendoza');
insert into l_state (id, country_id, name) values (1831, 5, 'Misiones');
insert into l_state (id, country_id, name) values (1832, 5, 'Neuquén');
insert into l_state (id, country_id, name) values (1833, 5, 'Río Negro');
insert into l_state (id, country_id, name) values (1834, 5, 'Salta');
insert into l_state (id, country_id, name) values (1835, 5, 'San Juan');
insert into l_state (id, country_id, name) values (1836, 5, 'San Luis');
insert into l_state (id, country_id, name) values (1837, 5, 'Santa Cruz');
insert into l_state (id, country_id, name) values (1838, 5, 'Santa Fe');
insert into l_state (id, country_id, name) values (1839, 5, 'Santiago del Estero');
insert into l_state (id, country_id, name) values (1840, 5, 'Tierra del Fuego');
insert into l_state (id, country_id, name) values (1841, 5, 'Tucumán');
insert into l_state (id, country_id, name) values (1843, 95, 'Amazonas');
insert into l_state (id, country_id, name) values (1844, 95, 'Anzoategui');
insert into l_state (id, country_id, name) values (1845, 95, 'Apure');
insert into l_state (id, country_id, name) values (1846, 95, 'Aragua');
insert into l_state (id, country_id, name) values (1847, 95, 'Barinas');
insert into l_state (id, country_id, name) values (1848, 95, 'Bolívar');
insert into l_state (id, country_id, name) values (1849, 95, 'Carabobo');
insert into l_state (id, country_id, name) values (1850, 95, 'Cojedes');
insert into l_state (id, country_id, name) values (1851, 95, 'Delta Amacuro');
insert into l_state (id, country_id, name) values (1852, 95, 'Falcón');
insert into l_state (id, country_id, name) values (1853, 95, 'Guárico');
insert into l_state (id, country_id, name) values (1854, 95, 'Lara');
insert into l_state (id, country_id, name) values (1855, 95, 'Mérida');
insert into l_state (id, country_id, name) values (1856, 95, 'Miranda');
insert into l_state (id, country_id, name) values (1857, 95, 'Monagas');
insert into l_state (id, country_id, name) values (1858, 95, 'Nueva Esparta');
insert into l_state (id, country_id, name) values (1859, 95, 'Portuguesa');
insert into l_state (id, country_id, name) values (1860, 95, 'Sucre');
insert into l_state (id, country_id, name) values (1861, 95, 'Táchira');
insert into l_state (id, country_id, name) values (1862, 95, 'Trujillo');
insert into l_state (id, country_id, name) values (1863, 95, 'Yaracuy');
insert into l_state (id, country_id, name) values (1864, 95, 'Zulia');
insert into l_state (id, country_id, name) values (1865, 95, 'Dependencias Federales');
insert into l_state (id, country_id, name) values (1866, 95, 'Distrito Capital');
insert into l_state (id, country_id, name) values (1867, 95, 'Vargas');
insert into l_state (id, country_id, name) values (1869, 209, 'Boaco');
insert into l_state (id, country_id, name) values (1870, 209, 'Carazo');
insert into l_state (id, country_id, name) values (1871, 209, 'Chinandega');
insert into l_state (id, country_id, name) values (1872, 209, 'Chontales');
insert into l_state (id, country_id, name) values (1873, 209, 'Estelí');
insert into l_state (id, country_id, name) values (1874, 209, 'Granada');
insert into l_state (id, country_id, name) values (1875, 209, 'Jinotega');
insert into l_state (id, country_id, name) values (1876, 209, 'León');
insert into l_state (id, country_id, name) values (1877, 209, 'Madriz');
insert into l_state (id, country_id, name) values (1878, 209, 'Managua');
insert into l_state (id, country_id, name) values (1879, 209, 'Masaya');
insert into l_state (id, country_id, name) values (1880, 209, 'Matagalpa');
insert into l_state (id, country_id, name) values (1881, 209, 'Nueva Segovia');
insert into l_state (id, country_id, name) values (1882, 209, 'Rio San Juan');
insert into l_state (id, country_id, name) values (1883, 209, 'Rivas');
insert into l_state (id, country_id, name) values (1884, 209, 'Zelaya');
insert into l_state (id, country_id, name) values (1886, 113, 'Pinar del Rio');
insert into l_state (id, country_id, name) values (1887, 113, 'Ciudad de la Habana');
insert into l_state (id, country_id, name) values (1888, 113, 'Matanzas');
insert into l_state (id, country_id, name) values (1889, 113, 'Isla de la Juventud');
insert into l_state (id, country_id, name) values (1890, 113, 'Camaguey');
insert into l_state (id, country_id, name) values (1891, 113, 'Ciego de Avila');
insert into l_state (id, country_id, name) values (1892, 113, 'Cienfuegos');
insert into l_state (id, country_id, name) values (1893, 113, 'Granma');
insert into l_state (id, country_id, name) values (1894, 113, 'Guantanamo');
insert into l_state (id, country_id, name) values (1895, 113, 'La Habana');
insert into l_state (id, country_id, name) values (1896, 113, 'Holguin');
insert into l_state (id, country_id, name) values (1897, 113, 'Las Tunas');
insert into l_state (id, country_id, name) values (1898, 113, 'Sancti Spiritus');
insert into l_state (id, country_id, name) values (1899, 113, 'Santiago de Cuba');
insert into l_state (id, country_id, name) values (1900, 113, 'Villa Clara');
insert into l_state (id, country_id, name) values (1901, 12, 'Acre');
insert into l_state (id, country_id, name) values (1902, 12, 'Alagoas');
insert into l_state (id, country_id, name) values (1903, 12, 'Amapa');
insert into l_state (id, country_id, name) values (1904, 12, 'Amazonas');
insert into l_state (id, country_id, name) values (1905, 12, 'Bahia');
insert into l_state (id, country_id, name) values (1906, 12, 'Ceara');
insert into l_state (id, country_id, name) values (1907, 12, 'Distrito Federal');
insert into l_state (id, country_id, name) values (1908, 12, 'Espirito Santo');
insert into l_state (id, country_id, name) values (1909, 12, 'Mato Grosso do Sul');
insert into l_state (id, country_id, name) values (1910, 12, 'Maranhao');
insert into l_state (id, country_id, name) values (1911, 12, 'Mato Grosso');
insert into l_state (id, country_id, name) values (1912, 12, 'Minas Gerais');
insert into l_state (id, country_id, name) values (1913, 12, 'Para');
insert into l_state (id, country_id, name) values (1914, 12, 'Paraiba');
insert into l_state (id, country_id, name) values (1915, 12, 'Parana');
insert into l_state (id, country_id, name) values (1916, 12, 'Piaui');
insert into l_state (id, country_id, name) values (1917, 12, 'Rio de Janeiro');
insert into l_state (id, country_id, name) values (1918, 12, 'Rio Grande do Norte');
insert into l_state (id, country_id, name) values (1919, 12, 'Rio Grande do Sul');
insert into l_state (id, country_id, name) values (1920, 12, 'Rondonia');
insert into l_state (id, country_id, name) values (1921, 12, 'Roraima');
insert into l_state (id, country_id, name) values (1922, 12, 'Santa Catarina');
insert into l_state (id, country_id, name) values (1923, 12, 'Sao Paulo');
insert into l_state (id, country_id, name) values (1924, 12, 'Sergipe');
insert into l_state (id, country_id, name) values (1925, 12, 'Goias');
insert into l_state (id, country_id, name) values (1926, 12, 'Pernambuco');
insert into l_state (id, country_id, name) values (1927, 12, 'Tocantins');
insert into l_state (id, country_id, name) values (1930, 83, 'Akureyri');
insert into l_state (id, country_id, name) values (1931, 83, 'Arnessysla');
insert into l_state (id, country_id, name) values (1932, 83, 'Austur-Bardastrandarsysla');
insert into l_state (id, country_id, name) values (1933, 83, 'Austur-Hunavatnssysla');
insert into l_state (id, country_id, name) values (1934, 83, 'Austur-Skaftafellssysla');
insert into l_state (id, country_id, name) values (1935, 83, 'Borgarfjardarsysla');
insert into l_state (id, country_id, name) values (1936, 83, 'Dalasysla');
insert into l_state (id, country_id, name) values (1937, 83, 'Eyjafjardarsysla');
insert into l_state (id, country_id, name) values (1938, 83, 'Gullbringusysla');
insert into l_state (id, country_id, name) values (1939, 83, 'Hafnarfjordur');
insert into l_state (id, country_id, name) values (1943, 83, 'Kjosarsysla');
insert into l_state (id, country_id, name) values (1944, 83, 'Kopavogur');
insert into l_state (id, country_id, name) values (1945, 83, 'Myrasysla');
insert into l_state (id, country_id, name) values (1946, 83, 'Neskaupstadur');
insert into l_state (id, country_id, name) values (1947, 83, 'Nordur-Isafjardarsysla');
insert into l_state (id, country_id, name) values (1948, 83, 'Nordur-Mulasysla');
insert into l_state (id, country_id, name) values (1949, 83, 'Nordur-Tingeyjarsysla');
insert into l_state (id, country_id, name) values (1950, 83, 'Olafsfjordur');
insert into l_state (id, country_id, name) values (1951, 83, 'Rangarvallasysla');
insert into l_state (id, country_id, name) values (1952, 83, 'Reykjavik');
insert into l_state (id, country_id, name) values (1953, 83, 'Saudarkrokur');
insert into l_state (id, country_id, name) values (1954, 83, 'Seydisfjordur');
insert into l_state (id, country_id, name) values (1956, 83, 'Skagafjardarsysla');
insert into l_state (id, country_id, name) values (1957, 83, 'Snafellsnes- og Hnappadalssysla');
insert into l_state (id, country_id, name) values (1958, 83, 'Strandasysla');
insert into l_state (id, country_id, name) values (1959, 83, 'Sudur-Mulasysla');
insert into l_state (id, country_id, name) values (1960, 83, 'Sudur-Tingeyjarsysla');
insert into l_state (id, country_id, name) values (1961, 83, 'Vestmannaeyjar');
insert into l_state (id, country_id, name) values (1962, 83, 'Vestur-Bardastrandarsysla');
insert into l_state (id, country_id, name) values (1964, 83, 'Vestur-Isafjardarsysla');
insert into l_state (id, country_id, name) values (1965, 83, 'Vestur-Skaftafellssysla');
insert into l_state (id, country_id, name) values (1966, 35, 'Anhui');
insert into l_state (id, country_id, name) values (1967, 35, 'Zhejiang');
insert into l_state (id, country_id, name) values (1968, 35, 'Jiangxi');
insert into l_state (id, country_id, name) values (1969, 35, 'Jiangsu');
insert into l_state (id, country_id, name) values (1970, 35, 'Jilin');
insert into l_state (id, country_id, name) values (1971, 35, 'Qinghai');
insert into l_state (id, country_id, name) values (1972, 35, 'Fujian');
insert into l_state (id, country_id, name) values (1973, 35, 'Heilongjiang');
insert into l_state (id, country_id, name) values (1974, 35, 'Henan');
insert into l_state (id, country_id, name) values (1975, 35, 'Hebei');
insert into l_state (id, country_id, name) values (1976, 35, 'Hunan');
insert into l_state (id, country_id, name) values (1977, 35, 'Hubei');
insert into l_state (id, country_id, name) values (1978, 35, 'Xinjiang');
insert into l_state (id, country_id, name) values (1979, 35, 'Xizang');
insert into l_state (id, country_id, name) values (1980, 35, 'Gansu');
insert into l_state (id, country_id, name) values (1981, 35, 'Guangxi');
insert into l_state (id, country_id, name) values (1982, 35, 'Guizhou');
insert into l_state (id, country_id, name) values (1983, 35, 'Liaoning');
insert into l_state (id, country_id, name) values (1984, 35, 'Nei Mongol');
insert into l_state (id, country_id, name) values (1985, 35, 'Ningxia');
insert into l_state (id, country_id, name) values (1986, 35, 'Beijing');
insert into l_state (id, country_id, name) values (1987, 35, 'Shanghai');
insert into l_state (id, country_id, name) values (1988, 35, 'Shanxi');
insert into l_state (id, country_id, name) values (1989, 35, 'Shandong');
insert into l_state (id, country_id, name) values (1990, 35, 'Shaanxi');
insert into l_state (id, country_id, name) values (1991, 35, 'Sichuan');
insert into l_state (id, country_id, name) values (1992, 35, 'Tianjin');
insert into l_state (id, country_id, name) values (1993, 35, 'Yunnan');
insert into l_state (id, country_id, name) values (1994, 35, 'Guangdong');
insert into l_state (id, country_id, name) values (1995, 35, 'Hainan');
insert into l_state (id, country_id, name) values (1996, 35, 'Chongqing');
insert into l_state (id, country_id, name) values (1997, 97, 'Central');
insert into l_state (id, country_id, name) values (1998, 97, 'Coast');
insert into l_state (id, country_id, name) values (1999, 97, 'Eastern');
insert into l_state (id, country_id, name) values (2000, 97, 'Nairobi Area');
insert into l_state (id, country_id, name) values (2001, 97, 'North-Eastern');
insert into l_state (id, country_id, name) values (2002, 97, 'Nyanza');
insert into l_state (id, country_id, name) values (2003, 97, 'Rift Valley');
insert into l_state (id, country_id, name) values (2004, 97, 'Western');
insert into l_state (id, country_id, name) values (2006, 195, 'Gilbert Islands');
insert into l_state (id, country_id, name) values (2007, 195, 'Line Islands');
insert into l_state (id, country_id, name) values (2008, 195, 'Phoenix Islands');
insert into l_state (id, country_id, name) values (2010, 1, 'Australian Capital Territory');
insert into l_state (id, country_id, name) values (2011, 1, 'New South Wales');
insert into l_state (id, country_id, name) values (2012, 1, 'Northern Territory');
insert into l_state (id, country_id, name) values (2013, 1, 'Queensland');
insert into l_state (id, country_id, name) values (2014, 1, 'South Australia');
insert into l_state (id, country_id, name) values (2015, 1, 'Tasmania');
insert into l_state (id, country_id, name) values (2016, 1, 'Victoria');
insert into l_state (id, country_id, name) values (2017, 1, 'Western Australia');
insert into l_state (id, country_id, name) values (2018, 27, 'Dublin');
insert into l_state (id, country_id, name) values (2019, 27, 'Galway');
insert into l_state (id, country_id, name) values (2020, 27, 'Kildare');
insert into l_state (id, country_id, name) values (2021, 27, 'Leitrim');
insert into l_state (id, country_id, name) values (2022, 27, 'Limerick');
insert into l_state (id, country_id, name) values (2023, 27, 'Mayo');
insert into l_state (id, country_id, name) values (2024, 27, 'Meath');
insert into l_state (id, country_id, name) values (2025, 27, 'Carlow');
insert into l_state (id, country_id, name) values (2026, 27, 'Kilkenny');
insert into l_state (id, country_id, name) values (2027, 27, 'Laois');
insert into l_state (id, country_id, name) values (2028, 27, 'Longford');
insert into l_state (id, country_id, name) values (2029, 27, 'Louth');
insert into l_state (id, country_id, name) values (2030, 27, 'Offaly');
insert into l_state (id, country_id, name) values (2031, 27, 'Westmeath');
insert into l_state (id, country_id, name) values (2032, 27, 'Wexford');
insert into l_state (id, country_id, name) values (2033, 27, 'Wicklow');
insert into l_state (id, country_id, name) values (2034, 27, 'Roscommon');
insert into l_state (id, country_id, name) values (2035, 27, 'Sligo');
insert into l_state (id, country_id, name) values (2036, 27, 'Clare');
insert into l_state (id, country_id, name) values (2037, 27, 'Cork');
insert into l_state (id, country_id, name) values (2038, 27, 'Kerry');
insert into l_state (id, country_id, name) values (2039, 27, 'Tipperary');
insert into l_state (id, country_id, name) values (2040, 27, 'Waterford');
insert into l_state (id, country_id, name) values (2041, 27, 'Cavan');
insert into l_state (id, country_id, name) values (2042, 27, 'Donegal');
insert into l_state (id, country_id, name) values (2043, 27, 'Monaghan');
insert into l_state (id, country_id, name) values (2044, 50, 'Karachaeva-Cherkesskaya Respublica');
insert into l_state (id, country_id, name) values (2045, 50, 'Raimirskii (Dolgano-Nenetskii) AO');
insert into l_state (id, country_id, name) values (2046, 50, 'Respublica Tiva');
insert into l_state (id, country_id, name) values (2047, 32, 'Newfoundland');
insert into l_state (id, country_id, name) values (2048, 32, 'Nova Scotia');
insert into l_state (id, country_id, name) values (2049, 32, 'Prince Edward Island');
insert into l_state (id, country_id, name) values (2050, 32, 'New Brunswick');
insert into l_state (id, country_id, name) values (2051, 32, 'Quebec');
insert into l_state (id, country_id, name) values (2052, 32, 'Ontario');
insert into l_state (id, country_id, name) values (2053, 32, 'Manitoba');
insert into l_state (id, country_id, name) values (2054, 32, 'Saskatchewan');
insert into l_state (id, country_id, name) values (2055, 32, 'Alberta');
insert into l_state (id, country_id, name) values (2056, 32, 'British Columbia');
insert into l_state (id, country_id, name) values (2057, 32, 'Nunavut');
insert into l_state (id, country_id, name) values (2058, 32, 'Northwest Territories');
insert into l_state (id, country_id, name) values (2059, 32, 'Yukon Territory');
insert into l_state (id, country_id, name) values (2060, 19, 'Drenthe');
insert into l_state (id, country_id, name) values (2061, 19, 'Friesland');
insert into l_state (id, country_id, name) values (2062, 19, 'Gelderland');
insert into l_state (id, country_id, name) values (2063, 19, 'Groningen');
insert into l_state (id, country_id, name) values (2064, 19, 'Limburg');
insert into l_state (id, country_id, name) values (2065, 19, 'Noord-Brabant');
insert into l_state (id, country_id, name) values (2066, 19, 'Noord-Holland');
insert into l_state (id, country_id, name) values (2067, 19, 'Utrecht');
insert into l_state (id, country_id, name) values (2068, 19, 'Zeeland');
insert into l_state (id, country_id, name) values (2069, 19, 'Zuid-Holland');
insert into l_state (id, country_id, name) values (2071, 19, 'Overijssel');
insert into l_state (id, country_id, name) values (2072, 19, 'Flevoland');
insert into l_state (id, country_id, name) values (2073, 138, 'Duarte');
insert into l_state (id, country_id, name) values (2074, 138, 'Puerto Plata');
insert into l_state (id, country_id, name) values (2075, 138, 'Valverde');
insert into l_state (id, country_id, name) values (2076, 138, 'María Trinidad Sánchez');
insert into l_state (id, country_id, name) values (2077, 138, 'Azua');
insert into l_state (id, country_id, name) values (2078, 138, 'Santiago');
insert into l_state (id, country_id, name) values (2079, 138, 'San Cristóbal');
insert into l_state (id, country_id, name) values (2080, 138, 'Peravia');
insert into l_state (id, country_id, name) values (2081, 138, 'Elías Piña');
insert into l_state (id, country_id, name) values (2082, 138, 'Barahona');
insert into l_state (id, country_id, name) values (2083, 138, 'Monte Plata');
insert into l_state (id, country_id, name) values (2084, 138, 'Salcedo');
insert into l_state (id, country_id, name) values (2085, 138, 'La Altagracia');
insert into l_state (id, country_id, name) values (2086, 138, 'San Juan');
insert into l_state (id, country_id, name) values (2087, 138, 'Monseñor Nouel');
insert into l_state (id, country_id, name) values (2088, 138, 'Monte Cristi');
insert into l_state (id, country_id, name) values (2089, 138, 'Espaillat');
insert into l_state (id, country_id, name) values (2090, 138, 'Sánchez Ramírez');
insert into l_state (id, country_id, name) values (2091, 138, 'La Vega');
insert into l_state (id, country_id, name) values (2092, 138, 'San Pedro de Macorís');
insert into l_state (id, country_id, name) values (2093, 138, 'Independencia');
insert into l_state (id, country_id, name) values (2094, 138, 'Dajabón');
insert into l_state (id, country_id, name) values (2095, 138, 'Baoruco');
insert into l_state (id, country_id, name) values (2096, 138, 'El Seibo');
insert into l_state (id, country_id, name) values (2097, 138, 'Hato Mayor');
insert into l_state (id, country_id, name) values (2098, 138, 'La Romana');
insert into l_state (id, country_id, name) values (2099, 138, 'Pedernales');
insert into l_state (id, country_id, name) values (2100, 138, 'Samaná');
insert into l_state (id, country_id, name) values (2101, 138, 'Santiago Rodríguez');
insert into l_state (id, country_id, name) values (2102, 138, 'San José de Ocoa');
insert into l_state (id, country_id, name) values (2103, 70, 'Chiba');
insert into l_state (id, country_id, name) values (2104, 70, 'Ehime');
insert into l_state (id, country_id, name) values (2105, 70, 'Oita');
insert into l_state (id, country_id, name) values (2106, 85, 'Skopje');
insert into l_state (id, country_id, name) values (2108, 35, 'Schanghai');
insert into l_state (id, country_id, name) values (2109, 35, 'Hongkong');
insert into l_state (id, country_id, name) values (2110, 35, 'Neimenggu');
insert into l_state (id, country_id, name) values (2111, 35, 'Aomen');
insert into l_state (id, country_id, name) values (2112, 92, 'Amnat Charoen');
insert into l_state (id, country_id, name) values (2113, 92, 'Ang Thong');
insert into l_state (id, country_id, name) values (2114, 92, 'Bangkok');
insert into l_state (id, country_id, name) values (2115, 92, 'Buri Ram');
insert into l_state (id, country_id, name) values (2116, 92, 'Chachoengsao');
insert into l_state (id, country_id, name) values (2117, 92, 'Chai Nat');
insert into l_state (id, country_id, name) values (2118, 92, 'Chaiyaphum');
insert into l_state (id, country_id, name) values (2119, 92, 'Chanthaburi');
insert into l_state (id, country_id, name) values (2120, 92, 'Chiang Mai');
insert into l_state (id, country_id, name) values (2121, 92, 'Chiang Rai');
insert into l_state (id, country_id, name) values (2122, 92, 'Chon Buri');
insert into l_state (id, country_id, name) values (2124, 92, 'Kalasin');
insert into l_state (id, country_id, name) values (2126, 92, 'Kanchanaburi');
insert into l_state (id, country_id, name) values (2127, 92, 'Khon Kaen');
insert into l_state (id, country_id, name) values (2128, 92, 'Krabi');
insert into l_state (id, country_id, name) values (2129, 92, 'Lampang');
insert into l_state (id, country_id, name) values (2131, 92, 'Loei');
insert into l_state (id, country_id, name) values (2132, 92, 'Lop Buri');
insert into l_state (id, country_id, name) values (2133, 92, 'Mae Hong Son');
insert into l_state (id, country_id, name) values (2134, 92, 'Maha Sarakham');
insert into l_state (id, country_id, name) values (2137, 92, 'Nakhon Pathom');
insert into l_state (id, country_id, name) values (2139, 92, 'Nakhon Ratchasima');
insert into l_state (id, country_id, name) values (2140, 92, 'Nakhon Sawan');
insert into l_state (id, country_id, name) values (2141, 92, 'Nakhon Si Thammarat');
insert into l_state (id, country_id, name) values (2143, 92, 'Narathiwat');
insert into l_state (id, country_id, name) values (2144, 92, 'Nong Bua Lam Phu');
insert into l_state (id, country_id, name) values (2145, 92, 'Nong Khai');
insert into l_state (id, country_id, name) values (2146, 92, 'Nonthaburi');
insert into l_state (id, country_id, name) values (2147, 92, 'Pathum Thani');
insert into l_state (id, country_id, name) values (2148, 92, 'Pattani');
insert into l_state (id, country_id, name) values (2149, 92, 'Phangnga');
insert into l_state (id, country_id, name) values (2150, 92, 'Phatthalung');
insert into l_state (id, country_id, name) values (2154, 92, 'Phichit');
insert into l_state (id, country_id, name) values (2155, 92, 'Phitsanulok');
insert into l_state (id, country_id, name) values (2156, 92, 'Phra Nakhon Si Ayutthaya');
insert into l_state (id, country_id, name) values (2157, 92, 'Phrae');
insert into l_state (id, country_id, name) values (2158, 92, 'Phuket');
insert into l_state (id, country_id, name) values (2159, 92, 'Prachin Buri');
insert into l_state (id, country_id, name) values (2160, 92, 'Prachuap Khiri Khan');
insert into l_state (id, country_id, name) values (2162, 92, 'Ratchaburi');
insert into l_state (id, country_id, name) values (2163, 92, 'Rayong');
insert into l_state (id, country_id, name) values (2164, 92, 'Roi Et');
insert into l_state (id, country_id, name) values (2165, 92, 'Sa Kaeo');
insert into l_state (id, country_id, name) values (2166, 92, 'Sakon Nakhon');
insert into l_state (id, country_id, name) values (2167, 92, 'Samut Prakan');
insert into l_state (id, country_id, name) values (2168, 92, 'Samut Sakhon');
insert into l_state (id, country_id, name) values (2169, 92, 'Samut Songkhran');
insert into l_state (id, country_id, name) values (2170, 92, 'Saraburi');
insert into l_state (id, country_id, name) values (2172, 92, 'Si Sa Ket');
insert into l_state (id, country_id, name) values (2173, 92, 'Sing Buri');
insert into l_state (id, country_id, name) values (2174, 92, 'Songkhla');
insert into l_state (id, country_id, name) values (2175, 92, 'Sukhothai');
insert into l_state (id, country_id, name) values (2176, 92, 'Suphan Buri');
insert into l_state (id, country_id, name) values (2177, 92, 'Surat Thani');
insert into l_state (id, country_id, name) values (2178, 92, 'Surin');
insert into l_state (id, country_id, name) values (2180, 92, 'Trang');
insert into l_state (id, country_id, name) values (2182, 92, 'Ubon Ratchathani');
insert into l_state (id, country_id, name) values (2183, 92, 'Udon Thani');
insert into l_state (id, country_id, name) values (2184, 92, 'Uthai Thani');
insert into l_state (id, country_id, name) values (2185, 92, 'Uttaradit');
insert into l_state (id, country_id, name) values (2186, 92, 'Yala');
insert into l_state (id, country_id, name) values (2187, 92, 'Yasothon');
insert into l_state (id, country_id, name) values (2188, 69, 'Busan');
insert into l_state (id, country_id, name) values (2189, 69, 'Daegu');
insert into l_state (id, country_id, name) values (2191, 69, 'Gangwon');
insert into l_state (id, country_id, name) values (2192, 69, 'Gwangju');
insert into l_state (id, country_id, name) values (2193, 69, 'Gyeonggi');
insert into l_state (id, country_id, name) values (2194, 69, 'Gyeongsangbuk');
insert into l_state (id, country_id, name) values (2195, 69, 'Gyeongsangnam');
insert into l_state (id, country_id, name) values (2196, 69, 'Jeju');
insert into l_state (id, country_id, name) values (2202, 81, 'Región de Los Ríos');
insert into l_state (id, country_id, name) values (2203, 81, 'Región de Arica y Parinacota');
